"stock","name","region","scenario","source","bk_method","r_method","priorrlw","priorr","priorrup","postrlw","postr","postrup","priorklw","priork","priorkup","postklw","postk","postkup","priorbklw","priorbk","priorbkup","postbklw","postbk","postbkup","priormsylw","priormsy","priormsyup","postmsylw","postmsy","postmsyup","fmsylw","fmsy","fmsyup","bmsylw","bmsy","bmsyup","ctlast","ctavg5","ffmsylw","ffmsy","ffmsyup","bbmsylw","bbmsy","bbmsyup","PPVRr","RUr","OVLr","BCr","PPVRbk","RUbk","OVLbk","BCbk","viab_rate","mean.log.r","sd.log.r","mean.log.k","sd.log.k"
"white_SE_Freire_Projection","white","SE","Projection","Freire",NA,NA,0.09,0.14022189486906,0.21,0.07,0.0981052474623209,0.13,21,47.1299411919912,91,36.65,56.0344359742998,80.97,0.03,0.134553030119768,0.24,0.1,0.218175593829464,0.35,1.2,1.5033768,1.8,0.86,1.25,2.03,0.04,0.05,0.07,18.32,24.71,40.49,0.13,0.17,0.12,0.3,1.41,0.2,0.43,0.71,0.659,0.188,0.355,0.646,0.759,0.129,0.506,0.794,0.002,-1.98429667845827,0.211824465096801,3.78464748175337,0.362018410787303
"white_S_Freire_Projection","white","S","Projection","Freire",NA,NA,0.11,0.157875741614237,0.22,0.09,0.117578192897785,0.15,11,22.9225671357243,43,14.79,21.9939755051267,33.2,0.06,0.176340007586201,0.3,0.13,0.274925855063598,0.41,0.67,0.8327481,1,0.45,0.62,1.01,0.05,0.06,0.08,7.4,10.15,16.6,0.19,0.2,0.29,0.57,2.31,0.26,0.56,0.83,0.678,0.177,0.371,0.662,0.792,0.11,0.468,0.783,0.004,-1.86070132290975,0.173286795139986,3.06781244466543,0.342591954759272
"white_NE_Freire_Projection","white","NE","Projection","Freire",NA,NA,0.25,0.334642512954472,0.44,0.24,0.288647641927075,0.36,18,36.4649544534845,65,26.31,33.9374215238106,42.73,0.16,0.344023879238011,0.53,0.27,0.461287141958372,0.62,2.28,2.84937285,3.42,2.12,2.45,2.84,0.12,0.15,0.18,13.16,15.87,21.37,2.18,2.16,0.59,0.97,1.82,0.55,0.93,1.25,0.69,0.169,0.569,0.854,0.769,0.123,0.509,0.819,0.105,-1.10363745659486,0.141328452262515,3.53754386113301,0.322156074299473
"white_N_Freire_Projection","white","N","Projection","Freire",NA,NA,0.12,0.176012077367844,0.25,0.1,0.133766529088666,0.17,54,115.339495060962,215,81.39,114.48523256801,160.02,0.09,0.234988726815042,0.38,0.27,0.401614768209953,0.54,3.67,4.59163035,5.51,2.9,3.8,5.36,0.05,0.07,0.09,40.7,53.01,80.01,1.8,2.01,0.36,0.63,1.12,0.53,0.8,1.08,0.582,0.237,0.41,0.71,0.505,0.289,0.259,0.537,0.028,-1.75327894865999,0.18349229377005,4.67699449100418,0.347935909680655
"seabob_SE_Freire_Projection","seabob","SE","Projection","Freire",NA,NA,0.13,0.182502542812093,0.25,0.11,0.140743324462945,0.18,79,163.585706752787,302,107.31,143.917906418764,197.35,0.1,0.242439582903053,0.39,0.17,0.322313583105663,0.47,5.56,6.9529791,8.34,3.99,5.1,6.76,0.06,0.07,0.09,53.66,68.26,98.67,3.01,3.02,0.53,0.96,2.7,0.33,0.64,0.94,0.648,0.195,0.385,0.686,0.701,0.163,0.542,0.859,0.025,-1.71325759482322,0.163481616851666,5.04277781404468,0.333798959200463
"seabob_S_Freire_Projection","seabob","S","Projection","Freire",NA,NA,0.12,0.176730142358272,0.25,0.1,0.123570296057272,0.17,124,261.760477284532,496,191.89,273.697532463088,391.25,0.05,0.165702534476383,0.28,0.13,0.261029722803252,0.41,8.68,10.85289491157,13.02,6.11,8.45,12.55,0.05,0.07,0.08,95.94,128.17,195.63,2.07,2.14,0.26,0.52,2.02,0.26,0.52,0.81,0.697,0.165,0.294,0.578,0.733,0.144,0.479,0.776,0.001,-1.75327894865999,0.18349229377005,5.5142773347986,0.34640221656155
"seabob_NE_Freire_Projection","seabob","NE","Projection","Freire",NA,NA,0.15,0.222612956729187,0.32,0.16,0.205903585332135,0.28,49,105.300126082263,199,88.92,122.408863971015,161.35,0.24,0.463490048554406,0.69,0.41,0.581947690974523,0.72,4.28,5.35196887323177,6.42,4.85,6.21,8.03,0.08,0.11,0.14,44.46,55.84,80.67,6.31,6.06,0.52,0.87,1.58,0.81,1.18,1.44,0.689,0.17,0.82,0.969,0.472,0.313,0.526,0.816,0.316,-1.51827713403712,0.189421425424379,4.59239122704936,0.350553117151949
"seabob_N_Freire_Projection","seabob","N","Projection","Freire",NA,NA,0.14,0.196507416265498,0.27,0.12,0.153526762733409,0.2,41,86.9391955253641,163,61.98,86.1183810141185,118.97,0.09,0.229728385750823,0.37,0.25,0.398987982454272,0.55,3.18,3.9730416,4.77,2.53,3.31,4.62,0.06,0.08,0.1,30.99,39.96,59.48,1.56,1.6,0.36,0.61,1.14,0.5,0.8,1.1,0.695,0.166,0.413,0.724,0.609,0.219,0.257,0.555,0.018,-1.6377230881783,0.164194884097268,4.40837157069222,0.342891008895132
"pink_S_Freire_Projection","pink","S","Projection","Freire",NA,NA,0.03,0.0470200443442075,0.07,0.03,0.037749594762947,0.05,205,446.26502569083,866,332.26,515.765212486724,743.76,0.09,0.223048816590818,0.36,0.17,0.283686604968948,0.4,3.88,4.84728765,5.82,3.11,4.47,7.08,0.01,0.02,0.03,166.13,224.61,371.88,1.76,1.81,0.36,0.7,1.8,0.35,0.56,0.81,0.652,0.192,0.575,0.853,0.461,0.321,0.606,0.874,0.117,-3.08290896712638,0.211824465096801,6.04364177630418,0.359913059504585
"brown_NE_Freire_Projection","brown","NE","Projection","Freire",NA,NA,0.08,0.122757181049493,0.18,0.08,0.105746365156239,0.14,27,59.0356028086619,113,42.97,62.1012199543292,87.4,0.25,0.488241799363363,0.72,0.32,0.481216983735392,0.65,1.32,1.64496633112765,1.97,1.18,1.6,2.23,0.04,0.06,0.07,21.49,28.2,43.7,2.09,1.98,0.73,1.34,2.62,0.64,0.96,1.3,0.646,0.197,0.691,0.92,0.498,0.294,0.837,0.968,0.404,-2.12026353620009,0.202732554054082,4.00596932667549,0.360203561562646
"brown_N_Freire_Projection","brown","N","Projection","Freire",NA,NA,0.25,0.334221745107996,0.44,0.23,0.283569565339587,0.35,35,71.8182054577203,129,53.07,67.5126259194019,85.1,0.16,0.344754498561606,0.53,0.34,0.500868586820723,0.64,4.47,5.58340875,6.7,4.1,4.83,5.75,0.12,0.15,0.18,26.54,32.28,42.55,4.16,4.22,0.56,0.9,1.53,0.68,1.01,1.29,0.667,0.183,0.537,0.817,0.56,0.252,0.353,0.664,0.094,-1.10363745659486,0.141328452262515,4.21555134417862,0.323064706511042
"white_SE_Silva_Projection","white","SE","Projection","Silva",NA,NA,0.09,0.136248218860934,0.2,0.07,0.0983753418280955,0.14,25,55.3177596995184,105,39.39,62.678943793728,91.71,0.04,0.154068318333029,0.27,0.11,0.228842699776238,0.36,1.41,1.75754963734144,2.11,0.94,1.35,2.31,0.04,0.05,0.07,19.69,26.4,45.86,0.26,0.29,0.2,0.47,1.95,0.22,0.45,0.73,0.668,0.183,0.376,0.678,0.692,0.168,0.546,0.833,0.003,-2.00869176054299,0.199626924054443,3.94621496565253,0.35519677472336
"white_S_Silva_Projection","white","S","Projection","Silva",NA,NA,0.11,0.158255308187423,0.22,0.09,0.117133420990872,0.16,16,33.6103681596393,63,22.85,33.9326250394677,50.27,0.03,0.138779979222077,0.24,0.11,0.239355282476041,0.38,0.98,1.23119948457073,1.48,0.67,0.95,1.51,0.05,0.06,0.08,11.43,15.38,25.14,0.11,0.14,0.15,0.31,1.4,0.22,0.47,0.77,0.73,0.146,0.359,0.657,0.715,0.154,0.417,0.733,0.003,-1.86070132290975,0.173286795139986,3.461739342656,0.341437230541024
"white_NE_Silva_Projection","white","NE","Projection","Silva",NA,NA,0.21,0.293339813774179,0.4,0.19,0.24737591028027,0.32,18,38.0066662755966,70,23.52,32.1552928623234,43.31,0.19,0.379079171555145,0.57,0.26,0.421747799339946,0.58,2.07,2.58304457855186,3.1,1.59,1.97,2.52,0.1,0.13,0.16,11.76,14.88,21.66,2.23,2.24,0.77,1.39,2.77,0.51,0.85,1.17,0.766,0.125,0.586,0.859,0.652,0.193,0.784,0.962,0.288,-1.23846924006941,0.161089254097628,3.58006102321307,0.333677765447246
"white_N_Silva_Projection","white","N","Projection","Silva",NA,NA,0.15,0.218858918518003,0.31,0.16,0.203097323264618,0.26,26,55.8593298687955,105,49.5,65.8357065778649,85.01,0.32,0.541322315915201,0.76,0.38,0.53134970339737,0.68,2.27,2.83950196046707,3.41,2.84,3.35,3.92,0.08,0.11,0.13,24.75,30.65,42.5,3,3.01,0.54,0.87,1.41,0.76,1.06,1.36,0.644,0.198,0.827,0.965,0.464,0.319,0.804,0.963,0.15,-1.53415148319441,0.181484250845734,3.95836382555093,0.348491643431629
"seabob_SE_Silva_Projection","seabob","SE","Projection","Silva",NA,NA,0.12,0.175742815681676,0.25,0.1,0.127740983058975,0.17,93,196.906299379135,374,137.26,186.597407394562,261.02,0.08,0.208935684006809,0.34,0.17,0.316516945326517,0.45,6.43,8.0340755059565,9.64,4.66,6.05,8.13,0.05,0.07,0.08,68.63,88.86,130.51,2.71,2.64,0.41,0.73,2.11,0.34,0.64,0.9,0.599,0.226,0.336,0.633,0.663,0.186,0.434,0.754,0.013,-1.75327894865999,0.18349229377005,5.22581727475381,0.348591018253619
"seabob_S_Silva_Projection","seabob","S","Projection","Silva",NA,NA,0.12,0.176818304246164,0.25,0.1,0.128153160674154,0.17,84,176.373391861417,336,125.97,167.128522017619,228.82,0.09,0.231801537732921,0.37,0.18,0.3142912137131,0.45,5.86,7.32797918575312,8.79,4.22,5.45,7.12,0.05,0.07,0.08,62.99,79.86,114.41,2.94,3.02,0.5,0.91,2.17,0.37,0.63,0.89,0.605,0.222,0.339,0.619,0.549,0.259,0.525,0.829,0.021,-1.75327894865999,0.18349229377005,5.12122297925459,0.347328541744396
"seabob_NE_Silva_Projection","seabob","NE","Projection","Silva",NA,NA,0.12,0.179207895018132,0.26,0.12,0.158488559027057,0.21,62,133.546444396728,252,99.55,136.599186299926,185.78,0.25,0.481402551809831,0.71,0.27,0.456821979631469,0.63,4.42,5.5302874683315,6.64,4.15,5.33,6.92,0.06,0.09,0.11,49.77,62.73,92.89,6.87,6.53,0.75,1.39,3.01,0.54,0.92,1.26,0.647,0.196,0.734,0.935,0.596,0.228,0.859,0.973,0.414,-1.73366859208335,0.19329747205837,4.82805618138723,0.351427648266151
"seabob_N_Silva_Projection","seabob","N","Projection","Silva",NA,NA,0.15,0.218687474361377,0.31,0.15,0.196468014578506,0.26,26,54.4323256675238,103,44.21,58.8184376877181,76.65,0.32,0.541410434980688,0.76,0.33,0.508137608739917,0.67,2.21,2.75839235152484,3.31,2.38,2.9,3.52,0.08,0.11,0.13,22.11,27.21,38.33,2.93,2.91,0.62,1.02,1.88,0.66,1.03,1.34,0.644,0.198,0.746,0.943,0.583,0.236,0.825,0.967,0.279,-1.53415148319441,0.181484250845734,3.93823054726222,0.348464118273828
"pink_SE_Silva_Projection","pink","SE","Projection","Silva",NA,NA,0.06,0.0935151648017421,0.14,0.05,0.0692993699943898,0.09,42,93.3201393946726,181,64.22,100.89552112001,148.14,0.03,0.137336519001871,0.24,0.12,0.24873511409044,0.38,1.59,1.98345549122973,2.38,1.13,1.61,2.65,0.03,0.04,0.05,32.11,44.24,74.07,0.15,0.22,0.12,0.26,1.08,0.24,0.5,0.76,0.616,0.215,0.44,0.732,0.622,0.211,0.375,0.68,0.028,-2.38976178656643,0.211824465096801,4.47131746307715,0.36412957324891
"pink_S_Silva_Projection","pink","S","Projection","Silva",NA,NA,0.03,0.0467801189373,0.07,0.03,0.0376342264286015,0.05,393,855.709484659668,1638,643.2,989.74233637047,1421.01,0.07,0.196497970961928,0.33,0.16,0.267716576041499,0.39,7.34,9.1709926535944,11.01,6.02,8.62,13.68,0.01,0.02,0.03,321.6,432.86,710.51,2.7,2.74,0.29,0.59,1.75,0.31,0.53,0.77,0.641,0.199,0.586,0.858,0.535,0.269,0.556,0.843,0.098,-3.08290896712638,0.211824465096801,6.68711053578619,0.357107788368769
"brown_NE_Silva_Projection","brown","NE","Projection","Silva",NA,NA,0.09,0.147969750761936,0.23,0.09,0.116551983214454,0.16,16,36.1886409478456,72,24.74,37.3760676734453,53.37,0.2,0.402011045421979,0.6,0.3,0.468902411732363,0.62,0.98,1.22006765399284,1.46,0.77,1.04,1.5,0.04,0.06,0.08,12.37,16.35,26.68,1.15,1.13,0.62,1.16,2.42,0.6,0.95,1.25,0.585,0.235,0.572,0.853,0.611,0.218,0.698,0.927,0.336,-1.93881078935541,0.234567409648233,3.5236647605784,0.375002121400256
"brown_N_Silva_Projection","brown","N","Projection","Silva",NA,NA,0.43,0.561864597445062,0.72,0.42,0.514738702749909,0.65,22,43.9285131388456,79,33.75,42.8923957991268,53.42,0.19,0.38172306219993,0.58,0.36,0.540891756057257,0.69,4.66,5.81999330329537,6.98,4.82,5.6,6.52,0.21,0.28,0.33,16.88,20.24,26.71,5.17,5.11,0.55,0.88,1.5,0.72,1.09,1.38,0.87,0.067,0.726,0.94,0.575,0.242,0.374,0.694,0.156,-0.586237068633283,0.128866500830623,3.73358167391047,0.317468928568642
"white_SE_Silva_Base_NN_Smith rebound","white","SE","Base","Silva","NN","Smith rebound",0.25,0.412862144421711,0.65,0.18,0.242196358828891,0.33,8,18.9450961596543,38,12.58,17.2970686017298,23.92,0.22,0.319622538609492,0.42,0.24,0.339480651378347,0.44,1.41,1.75754963734144,2.11,0.83,1.08,1.36,0.09,0.13,0.17,6.29,8.17,11.96,0.43,0.47,0.37,0.6,1.05,0.47,0.68,0.88,0.5,0.293,0.205,0.446,1.025,-0.012,0.833,0.981,0.001,-0.908538638606172,0.238877861256859,2.87243550778521,0.379834306011055
"white_SE_Silva_Base_NN_Myers","white","SE","Base","Silva","NN","Myers",0.13,0.277481614418027,0.53,0.09,0.136168804956091,0.2,11,29.6348513276683,66,20.25,33.3691717256962,51.25,0.22,0.318868255170786,0.42,0.22,0.322887527989997,0.43,1.41,1.75754963734144,2.11,0.75,1.09,1.71,0.05,0.08,0.1,10.13,14.52,25.62,0.43,0.47,0.33,0.61,1.15,0.44,0.64,0.86,0.353,0.406,0.22,0.475,1.055,-0.027,0.952,0.998,0.007,-1.33754955048126,0.351335639022646,3.28416399785901,0.454617872154173
"white_SE_Silva_Base_NN_Euler","white","SE","Base","Silva","NN","Euler",0.61,0.788416630738405,1.01,0.5,0.597575799216991,0.72,5,9.51659727491116,17,6.98,8.36808134284014,9.88,0.22,0.320250670759556,0.42,0.23,0.332433971625074,0.44,1.41,1.75754963734144,2.11,1.08,1.25,1.46,0.25,0.32,0.36,3.49,3.97,4.94,0.43,0.47,0.32,0.51,0.9,0.45,0.67,0.88,0.659,0.188,0.21,0.469,1.146,-0.071,0.896,0.991,0,-0.242172995480806,0.126061663166987,2.19954030979123,0.320921874640583
"white_SE_Silva_Base_NN_Demographic inv","white","SE","Base","Silva","NN","Demographic inv",0.39,0.565581659445902,0.79,0.29,0.381248530396751,0.5,6,13.3873811437934,25,9.15,11.8013869858231,14.75,0.22,0.319890464156849,0.42,0.23,0.330400042357354,0.43,1.41,1.75754963734144,2.11,0.94,1.14,1.32,0.15,0.21,0.25,4.57,5.54,7.38,0.43,0.47,0.37,0.57,1,0.46,0.66,0.87,0.758,0.129,0.255,0.499,1.069,-0.034,0.915,0.994,0.001,-0.588665436689757,0.176471551584344,2.5414516172303,0.335535303882573
"white_SE_Silva_Base_BRT_Smith rebound","white","SE","Base","Silva","BRT","Smith rebound",0.25,0.415738068916041,0.65,0.19,0.245035405736201,0.34,8,18.6553568615543,37,12.64,16.7993741686342,22.59,0.22,0.319885056407034,0.42,0.22,0.331412544669377,0.43,1.41,1.75754963734144,2.11,0.83,1.06,1.29,0.09,0.13,0.17,6.32,7.95,11.3,0.43,0.47,0.4,0.63,1.13,0.45,0.66,0.87,0.457,0.324,0.193,0.436,1.062,-0.031,0.895,0.991,0.001,-0.908538638606172,0.238877861256859,2.86323956078,0.37283560214561
"white_SE_Silva_Base_BRT_Myers","white","SE","Base","Silva","BRT","Myers",0.13,0.279031229126027,0.53,0.1,0.141868798995036,0.21,11,29.801064290614,68,20,35.7601717820457,55.8,0.22,0.319590422080684,0.42,0.23,0.323704021675291,0.42,1.41,1.75754963734144,2.11,0.82,1.17,1.91,0.05,0.08,0.11,10,14.78,27.9,0.43,0.47,0.29,0.55,1.03,0.45,0.64,0.85,0.375,0.387,0.252,0.508,0.998,0.001,0.961,0.998,0.004,-1.33754955048126,0.351335639022646,3.28979399758161,0.463223057942503
"white_SE_Silva_Base_BRT_Euler","white","SE","Base","Silva","BRT","Euler",0.61,0.792336333204008,1.01,0.5,0.606847828757434,0.76,5,9.46765127073216,17,6.86,8.47147550071089,10.27,0.22,0.320496719152502,0.42,0.22,0.325317626736087,0.43,1.41,1.75754963734144,2.11,1.1,1.28,1.49,0.25,0.33,0.38,3.43,3.93,5.14,0.43,0.47,0.32,0.51,0.89,0.45,0.65,0.86,0.856,0.075,0.294,0.55,1.069,-0.034,0.943,0.997,0,-0.242172995480806,0.126061663166987,2.19750787290088,0.323645546858054
"white_SE_Silva_Base_BRT_Demographic inv","white","SE","Base","Silva","BRT","Demographic inv",0.39,0.565201860879964,0.79,0.29,0.372594224875963,0.49,6,13.3311987486055,25,9.57,11.953632317593,14.85,0.22,0.321705335131402,0.42,0.23,0.334237475247445,0.44,1.41,1.75754963734144,2.11,0.92,1.13,1.32,0.15,0.2,0.25,4.79,5.62,7.43,0.43,0.47,0.36,0.58,1,0.45,0.67,0.89,0.697,0.165,0.207,0.436,1.166,-0.08,0.899,0.991,0,-0.588665436689757,0.176471551584344,2.52990021606816,0.347265201685781
"white_SE_Freire_Base_NN_Smith rebound","white","SE","Base","Freire","NN","Smith rebound",0.25,0.414188776235551,0.65,0.19,0.254464863172963,0.36,7,15.7697640500849,31,10.05,13.9587569006947,19.47,0.22,0.320148436364201,0.42,0.23,0.334645896469946,0.44,1.2,1.5033768,1.8,0.71,0.9,1.14,0.09,0.14,0.18,5.02,6.53,9.74,0.16,0.17,0.2,0.32,0.54,0.47,0.67,0.88,0.556,0.255,0.253,0.516,1.036,-0.018,0.881,0.989,0,-0.908538638606172,0.238877861256859,2.68891335903993,0.380072315489218
"white_SE_Freire_Base_NN_Myers","white","SE","Base","Freire","NN","Myers",0.13,0.277610065798773,0.53,0.09,0.134871458223265,0.2,9,25.404426026737,57,17.33,28.2308692565322,42.45,0.22,0.319688562559869,0.42,0.22,0.32576903439087,0.43,1.2,1.5033768,1.8,0.63,0.91,1.4,0.05,0.07,0.1,8.66,12.35,21.23,0.16,0.17,0.17,0.31,0.58,0.44,0.65,0.86,0.377,0.386,0.223,0.476,1.085,-0.042,0.943,0.997,0.003,-1.33754955048126,0.351335639022646,3.13118357725841,0.451739198683599
"white_SE_Freire_Base_NN_Euler","white","SE","Base","Freire","NN","Euler",0.61,0.790991358264117,1.01,0.56,0.66831639570494,0.81,4,8.02587972237136,15,5.82,6.87863312029319,8.26,0.22,0.320475194122365,0.42,0.23,0.324533362697491,0.43,1.2,1.5033768,1.8,0.99,1.15,1.31,0.28,0.35,0.4,2.91,3.34,4.13,0.16,0.17,0.16,0.25,0.42,0.45,0.65,0.86,0.685,0.173,0.482,0.748,1.076,-0.037,0.953,0.998,0,-0.242172995480806,0.126061663166987,2.03267469680955,0.321607871498881
"white_SE_Freire_Base_NN_Demographic inv","white","SE","Base","Freire","NN","Demographic inv",0.39,0.564793155462473,0.79,0.32,0.416294441336618,0.55,5,11.5187610806076,22,7.54,9.36083739753154,11.6,0.22,0.32148312673397,0.42,0.22,0.324858523509862,0.43,1.2,1.5033768,1.8,0.82,1.01,1.16,0.16,0.23,0.28,3.77,4.49,5.8,0.16,0.17,0.19,0.29,0.5,0.45,0.65,0.86,0.754,0.132,0.371,0.65,1.07,-0.034,0.965,0.999,0,-0.588665436689757,0.176471551584344,2.38451561641425,0.346830303392172
"white_SE_Freire_Base_BRT_Smith rebound","white","SE","Base","Freire","BRT","Smith rebound",0.25,0.412655436315164,0.65,0.19,0.256874431710599,0.36,7,16.1757772191247,32,10.13,14.4246419854169,20.57,0.22,0.320854326056654,0.42,0.22,0.327393592324042,0.44,1.2,1.5033768,1.8,0.73,0.94,1.21,0.09,0.14,0.18,5.07,6.73,10.29,0.16,0.17,0.18,0.31,0.56,0.45,0.65,0.88,0.538,0.267,0.267,0.542,1.156,-0.075,0.939,0.996,0,-0.908538638606172,0.238877861256859,2.70175796173745,0.384561087252911
"white_SE_Freire_Base_BRT_Myers","white","SE","Base","Freire","BRT","Myers",0.13,0.278372755741437,0.53,0.09,0.136364663961056,0.21,9,25.1864952317555,56,16.99,28.1991793916426,43.61,0.22,0.31965953025507,0.42,0.22,0.320076082174306,0.43,1.2,1.5033768,1.8,0.64,0.93,1.41,0.05,0.08,0.1,8.5,12.11,21.8,0.16,0.17,0.17,0.31,0.59,0.44,0.64,0.85,0.369,0.393,0.228,0.496,1.096,-0.047,0.97,0.998,0.005,-1.33754955048126,0.351335639022646,3.12176912214996,0.450037258745767
"white_SE_Freire_Base_BRT_Euler","white","SE","Base","Freire","BRT","Euler",0.61,0.789781392286952,1.01,0.54,0.655332389889912,0.81,4,8.09347778702283,15,5.89,6.95600641237481,8.3,0.22,0.320507970119157,0.42,0.22,0.322920475145778,0.43,1.2,1.5033768,1.8,0.95,1.16,1.31,0.27,0.35,0.4,2.95,3.31,4.15,0.16,0.17,0.16,0.25,0.43,0.44,0.65,0.86,0.781,0.117,0.428,0.732,1.087,-0.043,0.955,0.998,0,-0.242172995480806,0.126061663166987,2.03801881833171,0.323667828037395
"white_SE_Freire_Base_BRT_Demographic inv","white","SE","Base","Freire","BRT","Demographic inv",0.39,0.564088166933373,0.79,0.32,0.422396055412064,0.56,5,11.3546766382908,21,7.31,9.21805008665735,11.5,0.22,0.319567471393849,0.42,0.23,0.322595520336341,0.42,1.2,1.5033768,1.8,0.82,0.99,1.14,0.16,0.23,0.28,3.66,4.34,5.75,0.16,0.17,0.19,0.3,0.5,0.45,0.64,0.85,0.732,0.144,0.398,0.685,0.993,0.004,0.973,0.999,0,-0.588665436689757,0.176471551584344,2.37525356678405,0.341321989939646
"white_S_Silva_Base_NN_Smith rebound","white","S","Base","Silva","NN","Smith rebound",0.25,0.412911188638613,0.65,0.2,0.26575830335944,0.36,6,13.2071779842514,26,11.09,14.8936316772506,18.78,0.22,0.320187430227944,0.42,0.24,0.337198586388801,0.44,0.98,1.23119948457073,1.48,0.83,0.99,1.16,0.1,0.15,0.18,5.54,6.85,9.39,0.48,0.46,0.47,0.72,1.18,0.47,0.67,0.88,0.49,0.3,0.289,0.56,0.969,0.015,0.866,0.985,0.001,-0.908538638606172,0.238877861256859,2.50079400077658,0.377983237014391
"white_S_Silva_Base_NN_Myers","white","S","Base","Silva","NN","Myers",0.13,0.279969794451265,0.53,0.11,0.15184193627821,0.22,7,20.6356108679137,47,16.97,24.0724935678085,33.77,0.22,0.320346271788155,0.42,0.22,0.322148966259869,0.42,0.98,1.23119948457073,1.48,0.72,0.93,1.15,0.05,0.08,0.11,8.48,11.1,16.88,0.48,0.46,0.52,0.82,1.44,0.45,0.64,0.84,0.333,0.423,0.291,0.567,0.967,0.017,0.963,0.999,0.01,-1.33754955048126,0.351335639022646,2.92782954919829,0.458673386997994
"white_S_Silva_Base_NN_Euler","white","S","Base","Silva","NN","Euler",0.61,0.791009751406327,1.01,0.52,0.626401282778522,0.76,3,6.64497128651717,12,5.88,7.27285741103927,8.69,0.22,0.319015075454801,0.42,0.23,0.332672282769673,0.44,0.98,1.23119948457073,1.48,1.02,1.14,1.25,0.26,0.33,0.38,2.94,3.43,4.35,0.48,0.46,0.41,0.63,1.09,0.45,0.67,0.88,0.732,0.144,0.322,0.604,1.122,-0.059,0.88,0.99,0,-0.242172995480806,0.126061663166987,1.8396109629382,0.319241140286024
"white_S_Silva_Base_NN_Demographic inv","white","S","Base","Silva","NN","Demographic inv",0.39,0.562509595257979,0.79,0.33,0.406775910389839,0.53,4,9.53724740218071,18,8.1,10.4722775028126,12.92,0.22,0.319611468130685,0.42,0.23,0.331465911315874,0.44,0.98,1.23119948457073,1.48,0.93,1.07,1.19,0.16,0.22,0.27,4.05,4.88,6.46,0.48,0.46,0.44,0.67,1.14,0.46,0.66,0.88,0.568,0.246,0.308,0.584,1.055,-0.027,0.889,0.991,0,-0.588665436689757,0.176471551584344,2.19294662797795,0.348741586017518
"white_S_Silva_Base_BRT_Smith rebound","white","S","Base","Silva","BRT","Smith rebound",0.25,0.414461262268415,0.65,0.2,0.262715779000394,0.36,6,13.2450776556998,26,11.36,15.0277567972526,18.75,0.22,0.320527579082927,0.42,0.23,0.333584959014389,0.44,0.98,1.23119948457073,1.48,0.82,0.98,1.15,0.1,0.14,0.18,5.68,6.94,9.37,0.48,0.46,0.46,0.73,1.25,0.46,0.67,0.88,0.477,0.309,0.27,0.548,1.111,-0.054,0.888,0.991,0.001,-0.908538638606172,0.238877861256859,2.50827510156685,0.381805864692004
"white_S_Silva_Base_BRT_Myers","white","S","Base","Silva","BRT","Myers",0.13,0.278551421411682,0.53,0.11,0.151195660203847,0.22,7,20.7626261289774,47,17.12,24.1051482664736,33.11,0.22,0.320569991112393,0.42,0.23,0.32448880268697,0.42,0.98,1.23119948457073,1.48,0.7,0.92,1.14,0.05,0.08,0.11,8.56,11.1,16.55,0.48,0.46,0.5,0.83,1.39,0.46,0.65,0.85,0.313,0.441,0.286,0.566,0.931,0.035,0.964,0.999,0.011,-1.33754955048126,0.351335639022646,2.92990940645493,0.460140321876093
"white_S_Silva_Base_BRT_Euler","white","S","Base","Silva","BRT","Euler",0.61,0.792749890695114,1.01,0.53,0.633563181962355,0.78,3,6.54340614509983,12,5.77,7.17688165541755,8.49,0.22,0.319260670884067,0.42,0.23,0.332731609305354,0.45,0.98,1.23119948457073,1.48,1.01,1.12,1.24,0.26,0.34,0.39,2.88,3.33,4.25,0.48,0.46,0.41,0.63,1.07,0.46,0.67,0.9,0.683,0.174,0.331,0.633,1.124,-0.06,0.891,0.991,0,-0.242172995480806,0.126061663166987,1.83315219315743,0.320382513118444
"white_S_Silva_Base_BRT_Demographic inv","white","S","Base","Silva","BRT","Demographic inv",0.39,0.565202543425122,0.79,0.32,0.403309259610731,0.52,4,9.3867158514634,18,8.42,10.6038870951578,12.87,0.22,0.320179803435074,0.42,0.23,0.335993631501834,0.44,0.98,1.23119948457073,1.48,0.92,1.06,1.2,0.16,0.22,0.26,4.21,4.93,6.44,0.48,0.46,0.43,0.66,1.15,0.46,0.67,0.88,0.602,0.224,0.291,0.564,1.076,-0.037,0.88,0.988,0,-0.588665436689757,0.176471551584344,2.18175250311969,0.35136739337577
"white_S_Freire_Base_NN_Smith rebound","white","S","Base","Freire","NN","Smith rebound",0.25,0.413629058756104,0.65,0.2,0.269082418227335,0.37,4,8.83610663173831,18,7.74,10.1092532942676,12.91,0.22,0.320425312135389,0.42,0.23,0.331595010939464,0.45,0.67,0.8327481,1,0.56,0.69,0.78,0.1,0.15,0.19,3.87,4.71,6.45,0.25,0.22,0.32,0.51,0.87,0.46,0.66,0.89,0.543,0.263,0.315,0.592,1.164,-0.079,0.913,0.993,0.001,-0.908538638606172,0.238877861256859,2.10578258519132,0.381984923392759
"white_S_Freire_Base_NN_Myers","white","S","Base","Freire","NN","Myers",0.13,0.279406204696119,0.53,0.11,0.151212799549701,0.22,5,14.1969654646021,33,11.55,16.2069124196439,22.33,0.22,0.320593592973772,0.42,0.23,0.330893832745516,0.43,0.67,0.8327481,1,0.46,0.63,0.79,0.05,0.08,0.11,5.77,7.48,11.17,0.25,0.22,0.35,0.58,1.01,0.46,0.66,0.87,0.37,0.392,0.286,0.57,0.958,0.021,0.913,0.994,0.008,-1.33754955048126,0.351335639022646,2.55314877623815,0.464933091179268
"white_S_Freire_Base_NN_Euler","white","S","Base","Freire","NN","Euler",0.61,0.789801354493892,1.01,0.54,0.65777553286951,0.81,2,4.506543403347,8,4.06,4.98477773995977,5.81,0.22,0.319634355019413,0.42,0.22,0.32433052503929,0.43,0.67,0.8327481,1,0.74,0.81,0.89,0.27,0.35,0.41,2.03,2.32,2.9,0.25,0.22,0.28,0.43,0.77,0.44,0.65,0.87,0.762,0.127,0.449,0.743,1.186,-0.089,0.943,0.997,0,-0.242172995480806,0.126061663166987,1.44738440783764,0.319654309743985
"white_S_Freire_Base_NN_Demographic inv","white","S","Base","Freire","NN","Demographic inv",0.39,0.561985400995794,0.79,0.33,0.417359158131707,0.53,3,6.40161224811075,12,5.8,7.22560015869501,8.82,0.22,0.320330323130658,0.42,0.22,0.324146822586867,0.45,0.67,0.8327481,1,0.65,0.75,0.85,0.16,0.22,0.27,2.9,3.39,4.41,0.25,0.22,0.3,0.47,0.82,0.44,0.64,0.89,0.594,0.23,0.342,0.625,1.202,-0.096,0.953,0.997,0,-0.588665436689757,0.176471551584344,1.79137095242522,0.349703616884139
"white_S_Freire_Base_BRT_Smith rebound","white","S","Base","Freire","BRT","Smith rebound",0.25,0.41498567768841,0.65,0.2,0.277058646390343,0.4,4,8.84524001688139,17,7.36,9.99958233112886,12.86,0.22,0.318684636024058,0.42,0.23,0.331691452258588,0.44,0.67,0.8327481,1,0.56,0.7,0.81,0.1,0.15,0.2,3.68,4.55,6.43,0.25,0.22,0.32,0.51,0.88,0.46,0.66,0.87,0.623,0.211,0.362,0.659,1.031,-0.015,0.891,0.992,0,-0.908538638606172,0.238877861256859,2.11487306971305,0.370783995484243
"white_S_Freire_Base_BRT_Myers","white","S","Base","Freire","BRT","Myers",0.13,0.280040421815541,0.53,0.11,0.153219999006597,0.23,5,13.8790966866502,32,11.2,15.8968875856106,21.6,0.22,0.320155584012498,0.42,0.23,0.331834433772086,0.44,0.67,0.8327481,1,0.47,0.62,0.76,0.05,0.08,0.11,5.6,7.28,10.8,0.25,0.22,0.36,0.58,1.03,0.46,0.66,0.88,0.371,0.391,0.312,0.59,1.086,-0.042,0.905,0.993,0.006,-1.33754955048126,0.351335639022646,2.52617897046339,0.462594605170122
"white_S_Freire_Base_BRT_Euler","white","S","Base","Freire","BRT","Euler",0.61,0.789096977338524,1.01,0.54,0.645265334892261,0.79,2,4.48487292382758,8,4.13,5.07036487064939,5.91,0.22,0.319830048491302,0.42,0.22,0.32360472059594,0.43,0.67,0.8327481,1,0.73,0.81,0.89,0.27,0.35,0.39,2.06,2.35,2.96,0.25,0.22,0.28,0.43,0.78,0.44,0.65,0.87,0.732,0.144,0.381,0.7,1.163,-0.078,0.954,0.997,0,-0.242172995480806,0.126061663166987,1.44439665796944,0.321151429505357
"white_S_Freire_Base_BRT_Demographic inv","white","S","Base","Freire","BRT","Demographic inv",0.39,0.563466347830644,0.79,0.33,0.419443726152828,0.54,3,6.37863201944068,12,5.83,7.1749664608854,8.83,0.22,0.319921668823555,0.42,0.23,0.329004727390703,0.44,0.67,0.8327481,1,0.65,0.76,0.86,0.17,0.22,0.27,2.91,3.41,4.41,0.25,0.22,0.3,0.47,0.78,0.46,0.65,0.89,0.554,0.256,0.351,0.627,1.089,-0.043,0.934,0.995,0,-0.588665436689757,0.176471551584344,1.79503835817625,0.344607225533222
"white_NE_Silva_Base_NN_Smith rebound","white","NE","Base","Silva","NN","Smith rebound",0.25,0.416205276793608,0.65,0.22,0.291814565555557,0.41,8,18.7553475893073,38,17.44,24.7660792589329,34.18,0.4,0.500287101105929,0.6,0.4,0.500102837102794,0.6,1.42,1.77803286254895,2.13,1.33,1.79,2.4,0.11,0.16,0.2,8.72,11.27,17.09,1.88,1.97,0.69,1.1,1.75,0.8,1,1.19,0.547,0.261,0.412,0.706,0.973,0.014,0.978,0.999,0.216,-0.908538638606172,0.238877861256859,2.86431374134478,0.38562311507303
"white_NE_Silva_Base_NN_Myers","white","NE","Base","Silva","NN","Myers",0.13,0.280999586728252,0.53,0.11,0.157141492106937,0.24,11,30.0163171653438,68,30.57,45.1182859302472,63.61,0.4,0.499406982415718,0.6,0.4,0.498597535202693,0.59,1.42,1.77803286254895,2.13,1.24,1.76,2.43,0.05,0.09,0.12,15.29,20.15,31.8,1.88,1.97,0.67,1.14,1.88,0.8,1,1.19,0.374,0.388,0.322,0.613,0.93,0.036,0.979,0.999,0.206,-1.33754955048126,0.351335639022646,3.30276941825226,0.458318701090841
"white_NE_Silva_Base_NN_Euler","white","NE","Base","Silva","NN","Euler",0.61,0.792981268390713,1.01,0.59,0.716399275944815,0.88,5,9.50332143583662,17,8.32,10.6722343627433,13.38,0.4,0.499569616875561,0.6,0.4,0.50183047371305,0.6,1.42,1.77803286254895,2.13,1.59,1.89,2.29,0.3,0.38,0.44,4.16,5,6.69,1.88,1.97,0.67,1.01,1.56,0.81,1,1.2,0.796,0.108,0.672,0.914,1.003,-0.001,0.977,0.999,0.184,-0.242172995480806,0.126061663166987,2.20741036255337,0.316883841965579
"white_NE_Silva_Base_NN_Demographic inv","white","NE","Base","Silva","NN","Demographic inv",0.39,0.565631382205922,0.79,0.35,0.45230009949274,0.6,6,13.4874319787429,26,11.89,16.4719249879813,21.89,0.4,0.500190322024451,0.6,0.4,0.499913409945253,0.6,1.42,1.77803286254895,2.13,1.46,1.84,2.34,0.17,0.24,0.3,5.94,7.53,10.94,1.88,1.97,0.67,1.06,1.63,0.8,1,1.2,0.708,0.158,0.502,0.8,0.932,0.034,0.979,0.999,0.188,-0.588665436689757,0.176471551584344,2.55026207622792,0.348660086203094
"white_NE_Silva_Base_BRT_Smith rebound","white","NE","Base","Silva","BRT","Smith rebound",0.25,0.416694414616522,0.65,0.21,0.288998126573613,0.4,8,19.0711062977443,38,17.49,25.076266059803,34.55,0.4,0.499420392012888,0.6,0.4,0.500275745836029,0.6,1.42,1.77803286254895,2.13,1.33,1.78,2.38,0.11,0.16,0.2,8.75,11.36,17.27,1.88,1.97,0.67,1.1,1.77,0.8,1,1.2,0.578,0.24,0.396,0.695,0.989,0.006,0.979,0.999,0.219,-0.908538638606172,0.238877861256859,2.8817350276941,0.376089926385652
"white_NE_Silva_Base_BRT_Myers","white","NE","Base","Silva","BRT","Myers",0.13,0.28047368913614,0.53,0.11,0.155723649080323,0.23,11,30.3288484649482,69,30.45,45.7376852566572,65.2,0.4,0.500523277957654,0.6,0.4,0.498282511566078,0.6,1.42,1.77803286254895,2.13,1.21,1.74,2.48,0.05,0.09,0.11,15.22,20.49,32.6,1.88,1.97,0.68,1.12,1.91,0.79,1,1.2,0.371,0.391,0.319,0.604,1.043,-0.021,0.973,0.999,0.212,-1.33754955048126,0.351335639022646,3.31331540321299,0.458659777663224
"white_NE_Silva_Base_BRT_Euler","white","NE","Base","Silva","BRT","Euler",0.61,0.790236114531895,1.01,0.59,0.716431223774129,0.91,5,9.51737183899696,17,8.2,10.7304935035672,13.85,0.4,0.500619949658543,0.6,0.4,0.503107952251399,0.6,1.42,1.77803286254895,2.13,1.59,1.9,2.32,0.29,0.38,0.46,4.1,5,6.92,1.88,1.97,0.66,1.01,1.53,0.81,1.01,1.2,0.934,0.033,0.691,0.925,0.938,0.031,0.975,0.999,0.183,-0.242172995480806,0.126061663166987,2.20132854597937,0.323721989763652
"white_NE_Silva_Base_BRT_Demographic inv","white","NE","Base","Silva","BRT","Demographic inv",0.39,0.563035150594245,0.79,0.35,0.450385174505529,0.6,6,13.5597569938687,25,11.99,16.4656026929256,22,0.4,0.500328643990019,0.6,0.4,0.503229011485724,0.6,1.42,1.77803286254895,2.13,1.45,1.83,2.34,0.17,0.24,0.3,6,7.52,11,1.88,1.97,0.68,1.06,1.66,0.81,1.01,1.2,0.742,0.138,0.505,0.801,0.956,0.022,0.97,0.999,0.195,-0.588665436689757,0.176471551584344,2.54746935733623,0.344220513524667
"white_NE_Freire_Base_NN_Smith rebound","white","NE","Base","Freire","NN","Smith rebound",0.25,0.415334513682019,0.65,0.25,0.329409028100261,0.44,13,30.2851030290675,61,23.5,31.0144045630111,39.91,0.4,0.500086522555278,0.6,0.4,0.509447391142711,0.62,2.28,2.84937285,3.42,2.21,2.55,2.87,0.13,0.18,0.22,11.75,14.35,19.96,1.7,1.72,0.46,0.68,1.03,0.81,1.02,1.23,0.428,0.346,0.57,0.83,1.133,-0.064,0.925,0.995,0.105,-0.908538638606172,0.238877861256859,3.34375033217519,0.381033313094297
"white_NE_Freire_Base_NN_Myers","white","NE","Base","Freire","NN","Myers",0.13,0.279747633012589,0.53,0.13,0.187080423515473,0.27,17,47.7690484673165,107,36.43,54.3497902349894,77.18,0.4,0.500578066221475,0.6,0.4,0.504519636505969,0.6,2.28,2.84937285,3.42,1.98,2.5,3.05,0.06,0.1,0.14,18.21,24.57,38.59,1.7,1.72,0.46,0.71,1.11,0.81,1.01,1.21,0.369,0.392,0.495,0.771,1.031,-0.016,0.961,0.999,0.141,-1.33754955048126,0.351335639022646,3.76139132472242,0.455375982130773
"white_NE_Freire_Base_NN_Euler","white","NE","Base","Freire","NN","Euler",0.61,0.790226019464528,1.01,0.57,0.682871411178302,0.85,8,15.3464909875686,28,12.55,15.6563624347081,18.5,0.4,0.499963194528981,0.6,0.42,0.529405144334028,0.65,2.28,2.84937285,3.42,2.45,2.66,2.9,0.29,0.37,0.42,6.28,7.26,9.25,1.7,1.72,0.42,0.62,0.92,0.84,1.06,1.3,0.701,0.163,0.538,0.825,1.293,-0.137,0.797,0.962,0.03,-0.242172995480806,0.126061663166987,2.68377236859274,0.318400132377715
"white_NE_Freire_Base_NN_Demographic inv","white","NE","Base","Freire","NN","Demographic inv",0.39,0.562901631485146,0.79,0.38,0.472750547589719,0.61,10,21.8091393695768,41,16.92,22.119640676039,27.43,0.4,0.500055551629615,0.6,0.41,0.515861044941697,0.62,2.28,2.84937285,3.42,2.33,2.58,2.83,0.19,0.26,0.31,8.46,10.08,13.71,1.7,1.72,0.45,0.66,0.96,0.83,1.03,1.24,0.602,0.224,0.57,0.851,1.068,-0.033,0.879,0.988,0.06,-0.588665436689757,0.176471551584344,3.02245580932542,0.348975979594344
"white_NE_Freire_Base_BRT_Smith rebound","white","NE","Base","Freire","BRT","Smith rebound",0.25,0.416493191906785,0.65,0.24,0.330122042333503,0.45,13,30.0286010778016,60,22.62,31.2418909010501,40.53,0.41,0.510694597870129,0.61,0.43,0.525110248621549,0.63,2.28,2.84937285,3.42,2.21,2.54,2.86,0.12,0.18,0.23,11.31,14.12,20.27,1.7,1.72,0.44,0.66,0.97,0.86,1.05,1.26,0.511,0.285,0.585,0.855,0.986,0.007,0.896,0.989,0.112,-0.908538638606172,0.238877861256859,3.3371847523353,0.376470069299888
"white_NE_Freire_Base_BRT_Myers","white","NE","Base","Freire","BRT","Myers",0.13,0.280411778315056,0.53,0.13,0.185270751237374,0.28,17,47.6504823300609,107,35.98,55.4159382675224,78.77,0.41,0.508912466869746,0.61,0.43,0.51973817099968,0.62,2.28,2.84937285,3.42,2.01,2.52,3.16,0.06,0.1,0.14,17.99,24.47,39.39,1.7,1.72,0.44,0.68,1.05,0.85,1.04,1.23,0.381,0.382,0.482,0.773,0.931,0.035,0.912,0.993,0.152,-1.33754955048126,0.351335639022646,3.76369585805495,0.454971160929401
"white_NE_Freire_Base_BRT_Euler","white","NE","Base","Freire","BRT","Euler",0.61,0.792070665256424,1.01,0.57,0.688023114742817,0.84,8,15.1040979356679,27,12.62,15.5747267187502,18.4,0.41,0.508809914911774,0.61,0.43,0.535526796404364,0.65,2.28,2.84937285,3.42,2.44,2.65,2.89,0.28,0.36,0.42,6.31,7.29,9.2,1.7,1.72,0.42,0.61,0.89,0.86,1.07,1.3,0.763,0.127,0.555,0.828,1.152,-0.073,0.815,0.969,0.033,-0.242172995480806,0.126061663166987,2.67019319507487,0.317406266232007
"white_NE_Freire_Base_BRT_Demographic inv","white","NE","Base","Freire","BRT","Demographic inv",0.39,0.563039129233484,0.79,0.37,0.470747213976803,0.6,10,22.0405931498173,41,17.13,22.1851606588201,27.2,0.41,0.510454613464747,0.61,0.43,0.532060242794949,0.64,2.28,2.84937285,3.42,2.34,2.58,2.85,0.19,0.25,0.3,8.56,10.22,13.6,1.7,1.72,0.44,0.64,0.93,0.85,1.06,1.28,0.549,0.259,0.565,0.84,1.121,-0.059,0.84,0.978,0.069,-0.588665436689757,0.176471551584344,3.02969075690607,0.34571840315081
"white_N_Silva_Base_NN_Smith rebound","white","N","Base","Silva","NN","Smith rebound",0.25,0.415322848847414,0.65,0.27,0.37059084268866,0.51,13,30.2050428864309,60,26.64,36.9758188097541,47.88,0.4,0.499436015416401,0.6,0.4,0.501876219830687,0.6,2.27,2.83950196046707,3.41,3.01,3.38,3.73,0.14,0.2,0.26,13.32,16.66,23.94,3.19,3.16,0.64,0.95,1.42,0.8,1,1.21,0.532,0.271,0.758,0.945,1.087,-0.043,0.965,0.999,0.066,-0.908538638606172,0.238877861256859,3.34260788998048,0.373710654024833
"white_N_Silva_Base_NN_Myers","white","N","Base","Silva","NN","Myers",0.13,0.277412304721616,0.53,0.15,0.210677384717132,0.31,17,48.2255523381532,107,44.07,64.0397079665908,87.36,0.4,0.500233210180091,0.6,0.4,0.501202049863176,0.6,2.27,2.83950196046707,3.41,2.77,3.33,3.9,0.07,0.12,0.15,22.04,28.51,43.68,3.19,3.16,0.65,0.98,1.49,0.8,1,1.2,0.347,0.411,0.622,0.859,1,0,0.989,1,0.084,-1.33754955048126,0.351335639022646,3.76609392680264,0.455009881916178
"white_N_Silva_Base_NN_Euler","white","N","Base","Silva","NN","Euler",0.61,0.791270149699732,1.01,0.62,0.75498022868197,0.93,8,15.2329704383079,27,14.8,18.3693388930537,21.98,0.4,0.499590325037568,0.6,0.43,0.526883550673491,0.62,2.27,2.83950196046707,3.41,3.21,3.45,3.73,0.31,0.4,0.47,7.4,8.54,10.99,3.19,3.16,0.62,0.88,1.27,0.86,1.06,1.24,0.803,0.104,0.838,0.978,0.914,0.044,0.778,0.963,0.043,-0.242172995480806,0.126061663166987,2.67575130595725,0.318220105490483
"white_N_Silva_Base_NN_Demographic inv","white","N","Base","Silva","NN","Demographic inv",0.39,0.561725781575164,0.79,0.41,0.522980098109816,0.69,10,21.7427772209831,41,19.55,26.3300643677752,33.19,0.4,0.501421651475763,0.6,0.42,0.518994976863681,0.62,2.27,2.83950196046707,3.41,3.1,3.41,3.74,0.2,0.28,0.35,9.77,12.06,16.6,3.19,3.16,0.62,0.91,1.33,0.84,1.04,1.23,0.642,0.199,0.804,0.961,0.993,0.004,0.867,0.985,0.058,-0.588665436689757,0.176471551584344,3.00880684045562,0.349455101601595
"white_N_Silva_Base_BRT_Smith rebound","white","N","Base","Silva","BRT","Smith rebound",0.25,0.415289476595726,0.65,0.27,0.356400115460267,0.5,13,30.6660721793131,62,27.56,38.5129597460144,50.36,0.4,0.500244562772269,0.6,0.41,0.510303396009275,0.6,2.27,2.83950196046707,3.41,3,3.41,3.8,0.13,0.2,0.25,13.78,17.42,25.18,3.19,3.16,0.64,0.94,1.38,0.82,1.02,1.21,0.502,0.292,0.696,0.919,0.967,0.016,0.915,0.994,0.067,-0.908538638606172,0.238877861256859,3.35073230835872,0.389045968213868
"white_N_Silva_Base_BRT_Myers","white","N","Base","Silva","BRT","Myers",0.13,0.278346821943127,0.53,0.15,0.209941446643702,0.3,17,48.0039712206813,109,44.78,64.1334552241562,86.99,0.4,0.499149036467453,0.6,0.41,0.500494120386902,0.6,2.27,2.83950196046707,3.41,2.78,3.33,3.87,0.07,0.12,0.15,22.39,28.87,43.5,3.19,3.16,0.65,0.98,1.47,0.82,1,1.19,0.324,0.431,0.598,0.842,0.861,0.072,0.967,0.998,0.079,-1.33754955048126,0.351335639022646,3.76804959101307,0.459536569485605
"white_N_Silva_Base_BRT_Euler","white","N","Base","Silva","BRT","Euler",0.61,0.791603392713245,1.01,0.63,0.75581952254373,0.93,8,15.1179013148413,27,14.83,18.2693287785639,22.05,0.4,0.500151966380518,0.6,0.42,0.523483586460545,0.61,2.27,2.83950196046707,3.41,3.17,3.44,3.72,0.31,0.4,0.46,7.42,8.57,11.03,3.19,3.16,0.61,0.89,1.3,0.85,1.05,1.23,0.711,0.157,0.843,0.973,0.916,0.043,0.807,0.973,0.047,-0.242172995480806,0.126061663166987,2.66304907471589,0.318835668145472
"white_N_Silva_Base_BRT_Demographic inv","white","N","Base","Silva","BRT","Demographic inv",0.39,0.564165209405634,0.79,0.42,0.522997046802661,0.67,10,21.760998466226,40,20.17,26.3286219539348,32.74,0.4,0.49956088853186,0.6,0.42,0.517068749252819,0.61,2.27,2.83950196046707,3.41,3.13,3.43,3.73,0.21,0.28,0.34,10.09,12.2,16.37,3.19,3.16,0.63,0.91,1.33,0.84,1.04,1.23,0.575,0.242,0.798,0.955,0.938,0.031,0.855,0.985,0.058,-0.588665436689757,0.176471551584344,3.01850232604462,0.341024967949966
"white_N_Freire_Base_NN_Smith rebound","white","N","Base","Freire","NN","Smith rebound",0.25,0.413226056636014,0.65,0.22,0.290705053504441,0.39,22,48.9224451449126,96,39.48,52.9040711093343,67.7,0.4,0.50078829976932,0.6,0.41,0.510967198812072,0.61,3.67,4.59163035,5.51,3.35,3.88,4.32,0.11,0.16,0.19,19.74,24.61,33.85,2.75,2.75,0.49,0.72,1.05,0.82,1.02,1.22,0.427,0.346,0.381,0.677,1,0,0.927,0.995,0.073,-0.908538638606172,0.238877861256859,3.81977952629818,0.372291113860865
"white_N_Freire_Base_NN_Myers","white","N","Base","Freire","NN","Myers",0.13,0.278049104742068,0.53,0.12,0.168332789923397,0.25,28,77.1727194202963,173,60.81,90.7404984169364,124.44,0.4,0.50050257665716,0.6,0.4,0.496570947216049,0.59,3.67,4.59163035,5.51,3.07,3.79,4.61,0.06,0.09,0.12,30.41,40.31,62.22,2.75,2.75,0.5,0.76,1.16,0.81,0.99,1.18,0.326,0.429,0.385,0.675,0.932,0.035,0.964,0.998,0.103,-1.33754955048126,0.351335639022646,4.23981875436426,0.457088499610638
"white_N_Freire_Base_NN_Euler","white","N","Base","Freire","NN","Euler",0.61,0.791587003424057,1.01,0.53,0.629373297561596,0.78,12,24.6916827490067,44,20.79,25.6912765903906,30.05,0.4,0.500092276467107,0.6,0.42,0.53500769488641,0.64,3.67,4.59163035,5.51,3.64,4.1,4.48,0.26,0.34,0.39,10.39,12.14,15.02,2.75,2.75,0.44,0.64,0.95,0.85,1.07,1.27,0.7,0.163,0.325,0.633,1.136,-0.066,0.733,0.944,0.024,-0.242172995480806,0.126061663166987,3.15634541344449,0.317678154691319
"white_N_Freire_Base_NN_Demographic inv","white","N","Base","Freire","NN","Demographic inv",0.39,0.563904808451108,0.79,0.34,0.420057077988704,0.54,17,35.0998912931222,66,29.33,37.4460817221679,46.62,0.4,0.498640779386853,0.6,0.42,0.523378474670959,0.63,3.67,4.59163035,5.51,3.51,3.91,4.34,0.17,0.23,0.27,14.66,17.17,23.31,2.75,2.75,0.47,0.68,0.99,0.84,1.04,1.25,0.574,0.242,0.333,0.631,1.022,-0.011,0.824,0.972,0.046,-0.588665436689757,0.176471551584344,3.50084282205189,0.340660408531931
"white_N_Freire_Base_BRT_Smith rebound","white","N","Base","Freire","BRT","Smith rebound",0.25,0.415813644593451,0.65,0.22,0.291862785855704,0.39,21,49.000220092122,97,39.09,52.7081479351729,67.16,0.4,0.500016607074669,0.6,0.41,0.507797866275943,0.61,3.67,4.59163035,5.51,3.36,3.8,4.26,0.11,0.16,0.2,19.54,23.95,33.58,2.75,2.75,0.5,0.72,1.07,0.82,1.02,1.21,0.431,0.344,0.399,0.674,0.98,0.01,0.938,0.997,0.073,-0.908538638606172,0.238877861256859,3.81694266917819,0.376486382712178
"white_N_Freire_Base_BRT_Myers","white","N","Base","Freire","BRT","Myers",0.13,0.279102416651086,0.53,0.12,0.169170202568694,0.25,28,77.4458753426868,174,60.01,90.217206550031,122.96,0.4,0.499522168498883,0.6,0.4,0.491703913205228,0.59,3.67,4.59163035,5.51,3.05,3.76,4.57,0.06,0.09,0.13,30.01,39.7,61.48,2.75,2.75,0.5,0.77,1.17,0.79,0.98,1.17,0.336,0.42,0.376,0.682,0.909,0.047,0.929,0.996,0.105,-1.33754955048126,0.351335639022646,4.24352669980297,0.459126071913923
"white_N_Freire_Base_BRT_Euler","white","N","Base","Freire","BRT","Euler",0.61,0.791934283150149,1.01,0.53,0.633270337154623,0.76,12,24.5948893963339,44,20.77,25.4788383057982,30.55,0.4,0.500188789858554,0.6,0.43,0.538668824934819,0.65,3.67,4.59163035,5.51,3.62,4.03,4.48,0.26,0.33,0.38,10.39,12.03,15.27,2.75,2.75,0.44,0.64,0.94,0.86,1.08,1.3,0.676,0.178,0.324,0.614,1.239,-0.113,0.728,0.936,0.026,-0.242172995480806,0.126061663166987,3.15217862170275,0.315408701296072
"white_N_Freire_Base_BRT_Demographic inv","white","N","Base","Freire","BRT","Demographic inv",0.39,0.561825777105499,0.79,0.34,0.423797492027828,0.55,16,35.070688484434,65,29.01,37.1517805458777,45.33,0.4,0.500287211663969,0.6,0.42,0.523812497512094,0.62,3.67,4.59163035,5.51,3.52,3.96,4.34,0.17,0.23,0.27,14.51,17.3,22.66,2.75,2.75,0.47,0.68,1,0.84,1.05,1.25,0.518,0.28,0.373,0.664,1.044,-0.022,0.827,0.975,0.049,-0.588665436689757,0.176471551584344,3.48553301939881,0.348112711080523
"seabob_SE_Silva_Base_NN_Smith rebound","seabob","SE","Base","Silva","NN","Smith rebound",0.26,0.426948791968377,0.66,0.22,0.288876422824939,0.39,37,83.0451712541174,166,73.68,97.0802627831192,121.09,0.22,0.319748757987278,0.42,0.24,0.335941553882831,0.43,6.43,8.0340755059565,9.64,5.94,7.02,7.97,0.11,0.16,0.19,36.84,44.2,60.54,4.29,4.36,0.59,0.92,1.49,0.48,0.67,0.86,0.479,0.308,0.328,0.622,0.874,0.065,0.865,0.986,0.003,-0.881294545964137,0.232889551001236,4.35478199560102,0.378137147528599
"seabob_SE_Silva_Base_NN_Myers","seabob","SE","Base","Silva","NN","Myers",0.15,0.304304515717428,0.55,0.12,0.172316628245751,0.25,48,124.943614607991,271,107.24,146.406800866513,193.22,0.22,0.32006792883507,0.42,0.24,0.330537955911102,0.43,6.43,8.0340755059565,9.64,5,6.38,7.63,0.06,0.09,0.12,53.62,67.29,96.61,4.29,4.36,0.66,1.05,1.77,0.48,0.66,0.86,0.357,0.402,0.297,0.581,0.893,0.055,0.923,0.993,0.012,-1.24747849282075,0.324820746032565,4.73195343217579,0.435295945646688
"seabob_SE_Silva_Base_NN_Euler","seabob","SE","Base","Silva","NN","Euler",0.72,0.903752679529841,1.12,0.64,0.754433755713607,0.92,19,37.642695275948,68,35.37,42.8148138342537,51.51,0.22,0.319700379140575,0.42,0.23,0.338787816366001,0.44,6.43,8.0340755059565,9.64,7.26,8.05,8.88,0.32,0.4,0.46,17.68,20.23,25.75,4.29,4.36,0.51,0.78,1.31,0.47,0.67,0.89,0.818,0.096,0.384,0.685,1.07,-0.034,0.848,0.983,0,-0.107587690832516,0.11045818806976,3.57833866104295,0.320351413326306
"seabob_SE_Silva_Base_NN_Demographic inv","seabob","SE","Base","Silva","NN","Demographic inv",0.39,0.563929929892701,0.79,0.32,0.409520297249779,0.54,29,61.1762536508973,114,57.91,72.3037883369534,88.86,0.22,0.319627443566332,0.42,0.25,0.337876692878324,0.44,6.43,8.0340755059565,9.64,6.44,7.42,8.27,0.16,0.22,0.27,28.95,33.84,44.43,4.29,4.36,0.56,0.86,1.39,0.49,0.67,0.88,0.672,0.18,0.326,0.608,0.888,0.057,0.853,0.982,0,-0.588665436689757,0.176471551584344,4.05138053268701,0.342542728720345
"seabob_SE_Silva_Base_BRT_Smith rebound","seabob","SE","Base","Silva","BRT","Smith rebound",0.26,0.425721265932057,0.66,0.21,0.280377006288299,0.38,37,84.1288052306147,166,76.14,99.1137492564241,124.59,0.22,0.31923302690208,0.42,0.25,0.339050523124282,0.44,6.43,8.0340755059565,9.64,5.88,6.98,7.95,0.11,0.15,0.19,38.07,45.72,62.29,4.29,4.36,0.59,0.92,1.49,0.49,0.67,0.89,0.476,0.31,0.296,0.575,0.905,0.049,0.85,0.98,0.003,-0.881294545964137,0.232889551001236,4.35851850160937,0.376549811371958
"seabob_SE_Silva_Base_BRT_Myers","seabob","SE","Base","Silva","BRT","Myers",0.15,0.302095319156543,0.55,0.12,0.1745446549092,0.25,47,123.685418013341,270,105.21,145.609662332849,192.94,0.22,0.320205110387528,0.42,0.24,0.330014357045951,0.44,6.43,8.0340755059565,9.64,5.05,6.43,7.71,0.06,0.1,0.13,52.6,67.04,96.47,4.29,4.36,0.64,1.05,1.8,0.47,0.66,0.87,0.372,0.39,0.314,0.588,0.947,0.027,0.929,0.994,0.014,-1.24747849282075,0.324820746032565,4.71984294574554,0.439455476107714
"seabob_SE_Silva_Base_BRT_Euler","seabob","SE","Base","Silva","BRT","Euler",0.72,0.904087081656847,1.12,0.65,0.760103998937079,0.89,19,37.7494758675678,68,35.88,42.9372823506392,50.18,0.22,0.31943098942847,0.42,0.23,0.340304590287294,0.45,6.43,8.0340755059565,9.64,7.41,8.11,8.95,0.32,0.4,0.45,17.94,20.31,25.09,4.29,4.36,0.5,0.77,1.3,0.46,0.68,0.9,0.722,0.15,0.396,0.699,1.148,-0.071,0.829,0.979,0,-0.107587690832516,0.11045818806976,3.58287740726661,0.315172855174611
"seabob_SE_Silva_Base_BRT_Demographic inv","seabob","SE","Base","Silva","BRT","Demographic inv",0.39,0.565024033158776,0.79,0.33,0.413855795641826,0.53,30,61.6852174615329,114,56.74,71.8841752509428,86.87,0.22,0.319599713835972,0.42,0.24,0.339254310595366,0.44,6.43,8.0340755059565,9.64,6.47,7.45,8.33,0.16,0.22,0.27,28.37,33.37,43.43,4.29,4.36,0.56,0.86,1.4,0.48,0.68,0.88,0.598,0.227,0.323,0.624,1.005,-0.002,0.85,0.981,0,-0.588665436689757,0.176471551584344,4.06394228585274,0.336638691980208
"seabob_SE_Freire_Base_NN_Smith rebound","seabob","SE","Base","Freire","NN","Smith rebound",0.26,0.424825457716657,0.66,0.21,0.277552435729555,0.37,32,72.345415698772,143,66.45,84.2367459390631,103.45,0.22,0.320822606796986,0.42,0.24,0.340453261742595,0.45,5.56,6.9529791,8.34,4.82,5.87,6.76,0.11,0.15,0.18,33.23,39.17,51.72,3.11,4.19,0.56,0.88,1.45,0.49,0.68,0.9,0.481,0.307,0.304,0.558,0.98,0.01,0.86,0.982,0.005,-0.881294545964137,0.232889551001236,4.21217013719748,0.375999676066855
"seabob_SE_Freire_Base_NN_Myers","seabob","SE","Base","Freire","NN","Myers",0.15,0.303073868170539,0.55,0.13,0.17629724340613,0.25,41,106.630539866542,233,89.77,121.38997643615,160.29,0.22,0.320671016318059,0.42,0.24,0.330089130079008,0.43,5.56,6.9529791,8.34,4.31,5.43,6.49,0.06,0.1,0.12,44.89,56.77,80.14,3.11,4.19,0.62,1,1.7,0.47,0.66,0.87,0.316,0.438,0.304,0.584,0.972,0.014,0.925,0.995,0.018,-1.24747849282075,0.324820746032565,4.57703776544164,0.437451964793464
"seabob_SE_Freire_Base_NN_Euler","seabob","SE","Base","Freire","NN","Euler",0.72,0.904843612627583,1.12,0.63,0.749284171704671,0.9,17,32.8168590366877,58,32.44,38.1110032331272,44.13,0.22,0.319558750329743,0.42,0.24,0.344505827808439,0.45,5.56,6.9529791,8.34,6.43,7.17,7.94,0.31,0.4,0.45,16.22,18.11,22.06,3.11,4.19,0.47,0.7,1.12,0.48,0.69,0.9,0.774,0.12,0.369,0.661,0.962,0.019,0.801,0.971,0,-0.107587690832516,0.11045818806976,3.44371744010471,0.305466501246224
"seabob_SE_Freire_Base_NN_Demographic inv","seabob","SE","Base","Freire","NN","Demographic inv",0.39,0.563537202305975,0.79,0.32,0.401956881605032,0.52,25,52.9858722155832,99,50.38,63.4568747685303,75.7,0.22,0.319651853225396,0.42,0.24,0.339882516538927,0.44,5.56,6.9529791,8.34,5.44,6.31,7.11,0.16,0.21,0.26,25.19,29.53,37.85,3.11,4.19,0.52,0.8,1.28,0.49,0.68,0.88,0.579,0.239,0.28,0.545,0.9,0.051,0.84,0.98,0.002,-0.588665436689757,0.176471551584344,3.91408230504067,0.339069992812918
"seabob_SE_Freire_Base_BRT_Smith rebound","seabob","SE","Base","Freire","BRT","Smith rebound",0.26,0.423312597018986,0.66,0.21,0.278676229339416,0.39,32,72.4228763089146,141,64.88,84.4190215497337,106.1,0.22,0.320520563104313,0.42,0.25,0.344299810735272,0.44,5.56,6.9529791,8.34,4.88,5.94,6.83,0.1,0.15,0.19,32.44,38.67,53.05,3.11,4.19,0.56,0.86,1.43,0.5,0.69,0.89,0.538,0.267,0.315,0.598,0.915,0.043,0.817,0.973,0.005,-0.881294545964137,0.232889551001236,4.20284967044463,0.373984281674543
"seabob_SE_Freire_Base_BRT_Myers","seabob","SE","Base","Freire","BRT","Myers",0.15,0.301084469329712,0.55,0.13,0.177594482874306,0.25,40,107.278442041163,236,88.51,120.321915408339,159.74,0.22,0.319123350339043,0.42,0.24,0.335573477709899,0.44,5.56,6.9529791,8.34,4.3,5.42,6.42,0.06,0.1,0.13,44.25,55.66,79.87,3.11,4.19,0.61,0.99,1.65,0.49,0.67,0.88,0.335,0.421,0.32,0.606,0.952,0.024,0.874,0.986,0.017,-1.24747849282075,0.324820746032565,4.57993422067487,0.441343921559829
"seabob_SE_Freire_Base_BRT_Euler","seabob","SE","Base","Freire","BRT","Euler",0.72,0.905028874004049,1.12,0.64,0.757533716657621,0.94,16,32.2303218253465,58,31.02,38.0751648496724,44.52,0.22,0.320199412966836,0.42,0.24,0.343677570014697,0.45,5.56,6.9529791,8.34,6.46,7.18,7.88,0.32,0.4,0.47,15.51,17.94,22.26,3.11,4.19,0.45,0.69,1.12,0.48,0.69,0.9,0.86,0.073,0.385,0.702,1.012,-0.006,0.817,0.974,0,-0.107587690832516,0.11045818806976,3.42976268896968,0.317199120200949
"seabob_SE_Freire_Base_BRT_Demographic inv","seabob","SE","Base","Freire","BRT","Demographic inv",0.39,0.563969001516902,0.79,0.32,0.400427084656202,0.53,26,53.2953008899791,99,50.53,63.5041578652287,77.17,0.22,0.320678239051289,0.42,0.25,0.342795999076668,0.45,5.56,6.9529791,8.34,5.45,6.37,7.22,0.16,0.22,0.26,25.26,29.36,38.59,3.11,4.19,0.51,0.8,1.27,0.49,0.68,0.9,0.628,0.207,0.29,0.577,0.976,0.012,0.846,0.977,0.001,-0.588665436689757,0.176471551584344,3.9163689559051,0.337583649996283
"seabob_S_Silva_Base_NN_Smith rebound","seabob","S","Base","Silva","NN","Smith rebound",0.26,0.427202645969496,0.66,0.21,0.283847960238167,0.38,34,76.2023761000569,150,68.84,90.6857321153657,113.15,0.22,0.320072740230234,0.42,0.24,0.331410440721538,0.43,5.86,7.32797918575312,8.79,5.43,6.4,7.3,0.11,0.15,0.19,34.42,42.11,56.57,4.29,4.34,0.65,1,1.66,0.48,0.66,0.86,0.51,0.286,0.324,0.596,0.902,0.05,0.904,0.992,0.004,-0.881294545964137,0.232889551001236,4.26234925981097,0.374447123384221
"seabob_S_Silva_Base_NN_Myers","seabob","S","Base","Silva","NN","Myers",0.15,0.30015424989167,0.55,0.12,0.174547738884378,0.26,42,112.160092773574,242,95.33,134.758121176951,182.28,0.22,0.318587973997081,0.42,0.23,0.317467854023424,0.42,5.86,7.32797918575312,8.79,4.52,5.91,7.15,0.06,0.1,0.13,47.66,61.55,91.14,4.29,4.34,0.71,1.16,2.02,0.46,0.63,0.84,0.431,0.343,0.337,0.619,0.88,0.062,0.956,0.998,0.012,-1.24747849282075,0.324820746032565,4.61520319992093,0.437526099317153
"seabob_S_Silva_Base_NN_Euler","seabob","S","Base","Silva","NN","Euler",0.72,0.901582193343223,1.12,0.63,0.73701180907595,0.89,17,34.3585955410168,61,33.1,40.3562773491706,47.48,0.22,0.318891546248983,0.42,0.24,0.348624690322294,0.45,5.86,7.32797918575312,8.79,6.74,7.31,7.99,0.31,0.39,0.44,16.55,18.93,23.74,4.29,4.34,0.54,0.81,1.33,0.49,0.7,0.9,0.815,0.097,0.356,0.622,0.983,0.009,0.764,0.96,0,-0.107587690832516,0.11045818806976,3.48108557932483,0.314762757499017
"seabob_S_Silva_Base_NN_Demographic inv","seabob","S","Base","Silva","NN","Demographic inv",0.39,0.563891629906533,0.79,0.33,0.41126969115718,0.53,27,55.8502430178545,104,53.78,67.4044644066448,82.71,0.22,0.320071282033938,0.42,0.24,0.338996861283852,0.44,5.86,7.32797918575312,8.79,6,6.91,7.77,0.16,0.22,0.26,26.89,31.48,41.35,4.29,4.34,0.59,0.9,1.46,0.48,0.68,0.88,0.58,0.239,0.312,0.599,0.9,0.051,0.847,0.982,0.002,-0.588665436689757,0.176471551584344,3.96700980284578,0.336422091510848
"seabob_S_Silva_Base_BRT_Smith rebound","seabob","S","Base","Silva","BRT","Smith rebound",0.26,0.425489978209257,0.66,0.21,0.278956719833584,0.38,33,76.3347447733488,152,70.55,92.5134591106047,114.85,0.22,0.320071181794679,0.42,0.23,0.331476483564417,0.43,5.86,7.32797918575312,8.79,5.36,6.48,7.44,0.1,0.15,0.19,35.27,42.41,57.42,4.29,4.34,0.64,1,1.68,0.47,0.66,0.87,0.535,0.269,0.308,0.581,0.957,0.022,0.906,0.993,0.004,-0.881294545964137,0.232889551001236,4.26410913657924,0.380560482541252
"seabob_S_Silva_Base_BRT_Myers","seabob","S","Base","Silva","BRT","Myers",0.15,0.303189275550879,0.55,0.12,0.175461356986273,0.25,43,110.379450204497,242,98.24,134.248138195518,176.56,0.22,0.320099167755125,0.42,0.23,0.316913455477875,0.41,5.86,7.32797918575312,8.79,4.69,5.94,7.15,0.06,0.1,0.13,49.12,61.87,88.28,4.29,4.34,0.72,1.16,2.01,0.45,0.63,0.83,0.38,0.384,0.313,0.588,0.843,0.082,0.953,0.997,0.015,-1.24747849282075,0.324820746032565,4.61869073125477,0.434560567766248
"seabob_S_Silva_Base_BRT_Euler","seabob","S","Base","Silva","BRT","Euler",0.72,0.901191455476634,1.12,0.63,0.742391225397209,0.91,17,34.1830136180259,60,32.98,40.6917801419447,47.82,0.22,0.320564358412365,0.42,0.24,0.344672695646497,0.44,5.86,7.32797918575312,8.79,6.76,7.49,8.28,0.32,0.4,0.46,16.49,18.95,23.91,4.29,4.34,0.54,0.81,1.34,0.48,0.69,0.89,0.785,0.114,0.349,0.659,1.002,-0.001,0.799,0.972,0,-0.107587690832516,0.11045818806976,3.47741294534697,0.312087196385604
"seabob_S_Silva_Base_BRT_Demographic inv","seabob","S","Base","Silva","BRT","Demographic inv",0.39,0.563524660754577,0.79,0.33,0.407506567790856,0.52,27,56.5952638904979,106,53.44,67.4483343098262,81.42,0.22,0.320073611637969,0.42,0.25,0.338847868396089,0.43,5.86,7.32797918575312,8.79,6.01,6.87,7.7,0.16,0.22,0.26,26.72,31.21,40.71,4.29,4.34,0.6,0.9,1.44,0.49,0.68,0.87,0.538,0.267,0.297,0.584,0.836,0.086,0.844,0.979,0.001,-0.588665436689757,0.176471551584344,3.97280546366111,0.3458730155333
"seabob_S_Freire_Base_NN_Smith rebound","seabob","S","Base","Freire","NN","Smith rebound",0.26,0.42612453910258,0.66,0.21,0.274404004781191,0.37,50,113.666789508695,224,103.09,133.389177008649,165.35,0.22,0.32052510759806,0.42,0.22,0.321693307245523,0.43,8.68,10.85289491157,13.02,7.67,9.24,10.5,0.1,0.15,0.19,51.55,61.54,82.68,2.95,2.61,0.31,0.5,0.88,0.44,0.64,0.87,0.492,0.299,0.287,0.555,1.143,-0.069,0.961,0.998,0,-0.881294545964137,0.232889551001236,4.66018831978731,0.375685166368536
"seabob_S_Freire_Base_NN_Myers","seabob","S","Base","Freire","NN","Myers",0.15,0.301764809182162,0.55,0.12,0.171251442217088,0.25,63,169.930142128775,368,142.5,198.200819652602,267.97,0.22,0.319562122093242,0.42,0.23,0.32287876732514,0.43,8.68,10.85289491157,13.02,6.68,8.58,10.39,0.06,0.09,0.12,71.25,91.43,133.99,2.95,2.61,0.32,0.54,0.95,0.45,0.64,0.86,0.376,0.387,0.287,0.57,1.037,-0.018,0.968,0.999,0.003,-1.24747849282075,0.324820746032565,5.02615829722618,0.441143415765117
"seabob_S_Freire_Base_NN_Euler","seabob","S","Base","Freire","NN","Euler",0.72,0.906316082182052,1.12,0.63,0.732858312374554,0.86,26,50.3637314541132,90,49.78,60.1090089209375,70.34,0.22,0.318437908415298,0.42,0.21,0.319199201488702,0.43,8.68,10.85289491157,13.02,9.91,10.95,12.47,0.31,0.39,0.43,24.89,28.34,35.17,2.95,2.61,0.27,0.41,0.75,0.43,0.64,0.86,0.715,0.155,0.311,0.566,1.145,-0.07,0.958,0.998,0,-0.107587690832516,0.11045818806976,3.8817092547965,0.310612023621405
"seabob_S_Freire_Base_NN_Demographic inv","seabob","S","Base","Freire","NN","Demographic inv",0.39,0.563367987719612,0.79,0.32,0.401798345057258,0.5,40,82.6815744943311,154,79.48,98.8223491938541,121.79,0.22,0.319348471425788,0.42,0.22,0.324583133905282,0.43,8.68,10.85289491157,13.02,8.66,9.88,11.03,0.16,0.21,0.25,39.74,46.78,60.9,2.95,2.61,0.29,0.45,0.81,0.44,0.65,0.86,0.544,0.263,0.27,0.536,1.1,-0.049,0.936,0.997,0,-0.588665436689757,0.176471551584344,4.3593823411154,0.337650692952328
"seabob_S_Freire_Base_BRT_Smith rebound","seabob","S","Base","Freire","BRT","Smith rebound",0.26,0.425109295300112,0.66,0.2,0.273420093779151,0.37,50,113.154800608589,221,102.93,134.186519763211,170.24,0.22,0.32087685893263,0.42,0.23,0.323463139555213,0.42,8.68,10.85289491157,13.02,7.72,9.29,10.69,0.1,0.15,0.19,51.47,62.41,85.12,2.95,2.61,0.31,0.49,0.85,0.45,0.65,0.84,0.517,0.281,0.275,0.555,1.02,-0.01,0.957,0.999,0.001,-0.881294545964137,0.232889551001236,4.65390874094232,0.37165461151374
"seabob_S_Freire_Base_BRT_Myers","seabob","S","Base","Freire","BRT","Myers",0.15,0.304400377453151,0.55,0.12,0.16612327527279,0.24,63,165.445138623827,357,147.46,198.168291503468,264.7,0.22,0.320237732499295,0.42,0.23,0.3259478091818,0.42,8.68,10.85289491157,13.02,6.43,8.45,10.42,0.06,0.09,0.12,73.73,93.44,132.35,2.95,2.61,0.34,0.55,0.95,0.46,0.65,0.84,0.337,0.42,0.263,0.533,0.922,0.04,0.932,0.997,0.002,-1.24747849282075,0.324820746032565,5.00968732827489,0.434198898019914
"seabob_S_Freire_Base_BRT_Euler","seabob","S","Base","Freire","BRT","Euler",0.72,0.902767679570079,1.12,0.61,0.724630813852647,0.85,26,51.2325042595215,92,49.28,60.219714840233,70.83,0.22,0.320316017885059,0.42,0.22,0.32312903577151,0.43,8.68,10.85289491157,13.02,9.71,10.72,12.08,0.31,0.38,0.43,24.64,28.25,35.42,2.95,2.61,0.26,0.41,0.74,0.43,0.65,0.87,0.677,0.177,0.281,0.553,1.192,-0.092,0.944,0.997,0,-0.107587690832516,0.11045818806976,3.8870282322803,0.319162544028223
"seabob_S_Freire_Base_BRT_Demographic inv","seabob","S","Base","Freire","BRT","Demographic inv",0.39,0.567145854909818,0.79,0.31,0.398444615542409,0.5,40,82.2499775982927,155,79.76,100.193119765696,122.15,0.22,0.319374686957425,0.42,0.22,0.325449437005267,0.43,8.68,10.85289491157,13.02,8.62,9.95,11.27,0.16,0.21,0.25,39.88,47.11,61.07,2.95,2.61,0.29,0.45,0.76,0.45,0.65,0.87,0.596,0.228,0.27,0.511,1.084,-0.041,0.948,0.997,0,-0.588665436689757,0.176471551584344,4.36600185970051,0.340010211009484
"seabob_NE_Silva_Base_NN_Smith rebound","seabob","NE","Base","Silva","NN","Smith rebound",0.26,0.425013536275008,0.66,0.22,0.294494966763611,0.41,24,55.23475569101,109,50.36,72.4995378224407,101,0.4,0.500163487229613,0.6,0.4,0.499440988490725,0.6,4.29,5.36024739940261,6.43,3.92,5.25,7.17,0.11,0.16,0.21,25.18,32.91,50.5,5.95,5.93,0.72,1.16,1.9,0.8,1,1.2,0.592,0.231,0.378,0.679,1.042,-0.021,0.979,0.999,0.198,-0.881294545964137,0.232889551001236,3.93781657379849,0.376370666246984
"seabob_NE_Silva_Base_NN_Myers","seabob","NE","Base","Silva","NN","Myers",0.15,0.302659646840044,0.55,0.12,0.178825444253018,0.27,31,81.7352176789575,179,79.8,117.9713915263,167.37,0.4,0.499696797351874,0.6,0.39,0.493668077325357,0.6,4.29,5.36024739940261,6.43,3.65,5.16,7.26,0.06,0.1,0.13,39.9,52.71,83.68,5.95,5.93,0.72,1.2,2.02,0.79,0.99,1.2,0.445,0.333,0.346,0.633,1.048,-0.024,0.943,0.997,0.199,-1.24747849282075,0.324820746032565,4.31075931733469,0.438526380802402
"seabob_NE_Silva_Base_NN_Euler","seabob","NE","Base","Silva","NN","Euler",0.72,0.904136890131234,1.12,0.68,0.816215614190607,1.01,13,25.2220229153787,45,23.16,29.1623019077696,36.52,0.4,0.50117657355661,0.6,0.41,0.503167855460824,0.61,4.29,5.36024739940261,6.43,4.95,5.88,7.12,0.34,0.43,0.5,11.58,13.68,18.26,5.95,5.93,0.67,1.01,1.55,0.81,1,1.21,0.954,0.023,0.629,0.895,1.01,-0.005,0.974,0.999,0.128,-0.107587690832516,0.11045818806976,3.1783959230938,0.31272876853383
"seabob_NE_Silva_Base_NN_Demographic inv","seabob","NE","Base","Silva","NN","Demographic inv",0.39,0.56192728218382,0.79,0.34,0.438717849805261,0.58,19,40.941182173652,77,37.56,50.5768277205926,67.37,0.4,0.499890267101349,0.6,0.41,0.503554173001779,0.6,4.29,5.36024739940261,6.43,4.26,5.46,7.11,0.17,0.23,0.29,18.78,23.43,33.68,5.95,5.93,0.7,1.1,1.72,0.81,1.01,1.2,0.701,0.163,0.447,0.744,0.979,0.011,0.971,0.999,0.172,-0.588665436689757,0.176471551584344,3.65147296485371,0.345111602804355
"seabob_NE_Silva_Base_BRT_Smith rebound","seabob","NE","Base","Silva","BRT","Smith rebound",0.26,0.424768129001449,0.66,0.22,0.29493009832456,0.41,24,55.4755695636169,110,51.79,73.4119729403904,102.36,0.42,0.518938016055087,0.62,0.42,0.52029196938273,0.62,4.29,5.36024739940261,6.43,3.93,5.32,7.23,0.11,0.16,0.21,25.9,33.3,51.18,5.95,5.93,0.67,1.1,1.75,0.84,1.04,1.24,0.589,0.232,0.388,0.685,1.048,-0.024,0.977,0.999,0.203,-0.881294545964137,0.232889551001236,3.94086098206074,0.379624623306926
"seabob_NE_Silva_Base_BRT_Myers","seabob","NE","Base","Silva","BRT","Myers",0.15,0.302739395813878,0.55,0.12,0.177280791211389,0.26,32,82.5050922802253,177,79.05,118.039417716942,166.65,0.42,0.520145013166006,0.62,0.41,0.512465421523116,0.61,4.29,5.36024739940261,6.43,3.53,5.14,7.32,0.06,0.1,0.13,39.53,52.74,83.32,5.95,5.93,0.7,1.17,1.97,0.82,1.03,1.22,0.431,0.343,0.344,0.628,0.977,0.012,0.939,0.997,0.208,-1.24747849282075,0.324820746032565,4.31374889624998,0.430467560265387
"seabob_NE_Silva_Base_BRT_Euler","seabob","NE","Base","Silva","BRT","Euler",0.72,0.901932476830776,1.12,0.69,0.818592278463234,1,13,25.3892197844304,45,23.26,29.3845942052054,36.92,0.42,0.520219946972406,0.62,0.43,0.524201199737,0.62,4.29,5.36024739940261,6.43,5.04,5.93,7.21,0.34,0.43,0.5,11.63,13.79,18.46,5.95,5.93,0.65,0.97,1.46,0.85,1.05,1.24,0.943,0.029,0.657,0.906,0.981,0.01,0.968,0.999,0.148,-0.107587690832516,0.11045818806976,3.17873523126943,0.319388287126774
"seabob_NE_Silva_Base_BRT_Demographic inv","seabob","NE","Base","Silva","BRT","Demographic inv",0.39,0.564507539480035,0.79,0.34,0.438317851652282,0.57,19,40.930943308602,77,37.79,51.3442112235802,68.29,0.42,0.519448304748102,0.62,0.42,0.51592488292187,0.62,4.29,5.36024739940261,6.43,4.33,5.48,7.21,0.17,0.23,0.29,18.9,23.61,34.14,5.95,5.93,0.66,1.06,1.66,0.84,1.03,1.24,0.659,0.188,0.448,0.734,1.027,-0.014,0.969,0.999,0.178,-0.588665436689757,0.176471551584344,3.65572624652986,0.343723671695886
"seabob_NE_Freire_Base_NN_Smith rebound","seabob","NE","Base","Freire","NN","Smith rebound",0.26,0.426213912301729,0.66,0.26,0.351636570449033,0.49,24,54.8719467451288,108,45.7,64.5707828076155,86.52,0.4,0.500122011919141,0.6,0.4,0.500613477314323,0.6,4.27,5.3328963,6.4,4.63,5.59,6.65,0.13,0.19,0.25,22.85,29.35,43.26,5.64,5.61,0.67,1.04,1.56,0.81,1,1.2,0.547,0.261,0.645,0.891,0.942,0.03,0.98,0.999,0.144,-0.881294545964137,0.232889551001236,3.93578416563667,0.374752123189211
"seabob_NE_Freire_Base_NN_Myers","seabob","NE","Base","Freire","NN","Myers",0.15,0.302676688587323,0.55,0.14,0.207139234231649,0.3,31,82.372109426529,180,72.66,107.311496496332,148.8,0.4,0.500771020042463,0.6,0.4,0.497780627528677,0.6,4.27,5.3328963,6.4,4.24,5.48,6.98,0.07,0.11,0.15,36.33,48.04,74.4,5.64,5.61,0.68,1.08,1.72,0.8,1,1.19,0.427,0.347,0.498,0.776,0.997,0.002,0.972,0.999,0.168,-1.24747849282075,0.324820746032565,4.32004178767239,0.437042776891923
"seabob_NE_Freire_Base_NN_Euler","seabob","NE","Base","Freire","NN","Euler",0.72,0.904516514953403,1.12,0.71,0.843503196716656,1.01,13,25.0653957758306,45,22.74,28.0427472425993,33.76,0.4,0.500956929889639,0.6,0.4,0.498596202678481,0.6,4.27,5.3328963,6.4,5.28,5.86,6.61,0.35,0.45,0.5,11.37,13.14,16.88,5.64,5.61,0.66,0.98,1.43,0.8,1,1.2,0.779,0.118,0.743,0.944,0.978,0.011,0.975,0.999,0.101,-0.107587690832516,0.11045818806976,3.1703085393402,0.317283566651728
"seabob_NE_Freire_Base_NN_Demographic inv","seabob","NE","Base","Freire","NN","Demographic inv",0.39,0.564816033221563,0.79,0.39,0.503284059240604,0.67,19,40.6606290244594,76,34.9,45.9910223799938,58.26,0.4,0.499906560272265,0.6,0.4,0.497310021479957,0.59,4.27,5.3328963,6.4,5,5.74,6.54,0.19,0.27,0.33,17.45,21.07,29.13,5.64,5.61,0.68,1.01,1.51,0.8,1,1.18,0.653,0.192,0.72,0.933,0.919,0.041,0.97,0.999,0.129,-0.588665436689757,0.176471551584344,3.64210180464371,0.342702121460932
"seabob_NE_Freire_Base_BRT_Smith rebound","seabob","NE","Base","Freire","BRT","Smith rebound",0.26,0.425179008129643,0.66,0.27,0.366784403340968,0.51,24,55.9940729955849,110,48.82,68.9197343388324,92.76,0.6,0.700376417982802,0.8,0.57,0.676158681420105,0.77,4.27,5.3328963,6.4,4.99,6.26,7.84,0.13,0.2,0.25,24.41,31.23,46.38,5.64,5.61,0.45,0.69,1.04,1.15,1.35,1.54,0.594,0.229,0.733,0.932,0.948,0.026,0.809,0.972,0.153,-0.881294545964137,0.232889551001236,3.94753320943757,0.37767598614139
"seabob_NE_Freire_Base_BRT_Myers","seabob","NE","Base","Freire","BRT","Myers",0.15,0.303993509251117,0.55,0.15,0.217178286337759,0.32,31,82.2124311972241,183,77.98,114.309388761544,160.6,0.6,0.69942176477654,0.8,0.58,0.684482822558377,0.78,4.27,5.3328963,6.4,4.58,6.17,8.06,0.08,0.12,0.16,38.99,50.96,80.3,5.64,5.61,0.44,0.7,1.1,1.16,1.37,1.56,0.402,0.366,0.534,0.816,0.986,0.007,0.881,0.989,0.166,-1.24747849282075,0.324820746032565,4.32259163718697,0.444679420943347
"seabob_NE_Freire_Base_BRT_Euler","seabob","NE","Base","Freire","BRT","Euler",0.72,0.903786552632249,1.12,0.73,0.870424944961946,1.05,13,24.9510150735013,44,23.53,29.3782182578778,36.61,0.6,0.700794198303236,0.8,0.57,0.673481519197805,0.77,4.27,5.3328963,6.4,5.52,6.37,7.42,0.37,0.46,0.52,11.76,13.94,18.31,5.64,5.61,0.46,0.67,0.98,1.15,1.35,1.54,0.817,0.096,0.867,0.981,0.844,0.081,0.779,0.962,0.136,-0.107587690832516,0.11045818806976,3.16678772244722,0.310857283275947
"seabob_NE_Freire_Base_BRT_Demographic inv","seabob","NE","Base","Freire","BRT","Demographic inv",0.39,0.564755362363219,0.79,0.41,0.519549271772338,0.67,19,40.8079028179157,76,36.98,49.1085757460964,63.32,0.6,0.700588720234048,0.8,0.57,0.67588685072758,0.77,4.27,5.3328963,6.4,5.31,6.34,7.71,0.2,0.28,0.33,18.49,22.81,31.66,5.64,5.61,0.45,0.68,1,1.15,1.35,1.54,0.639,0.201,0.797,0.955,0.9,0.051,0.81,0.97,0.141,-0.588665436689757,0.176471551584344,3.64466871775706,0.34618937069094
"seabob_N_Silva_Base_NN_Smith rebound","seabob","N","Base","Silva","NN","Smith rebound",0.26,0.425013817659818,0.66,0.26,0.347673701998025,0.48,13,28.875371199379,57,23.03,32.4350200392508,42.25,0.4,0.499947419944016,0.6,0.39,0.495024754513187,0.59,2.21,2.75839235152484,3.31,2.44,2.8,3.17,0.13,0.19,0.24,11.51,14.61,21.12,2.88,2.83,0.71,1.05,1.55,0.79,0.99,1.19,0.512,0.284,0.632,0.88,1.012,-0.006,0.963,0.998,0.151,-0.881294545964137,0.232889551001236,3.2935939424206,0.371571424438737
"seabob_N_Silva_Base_NN_Myers","seabob","N","Base","Silva","NN","Myers",0.15,0.302803902369142,0.55,0.15,0.216518936898369,0.31,16,42.339424726842,92,35.23,51.8433262235727,70.56,0.4,0.501118743755868,0.6,0.39,0.494178966283363,0.6,2.21,2.75839235152484,3.31,2.28,2.78,3.33,0.08,0.12,0.16,17.61,23.13,35.28,2.88,2.83,0.69,1.07,1.65,0.79,0.99,1.19,0.363,0.397,0.532,0.809,0.985,0.007,0.934,0.997,0.147,-1.24747849282075,0.324820746032565,3.64945026063048,0.43774618164773
"seabob_N_Silva_Base_NN_Euler","seabob","N","Base","Silva","NN","Euler",0.72,0.904178071426612,1.12,0.72,0.8539967825473,1.04,6,12.7530732961602,23,10.92,13.451809730802,15.78,0.4,0.499416031775007,0.6,0.4,0.499991335417986,0.6,2.21,2.75839235152484,3.31,2.66,2.86,3.13,0.36,0.45,0.52,5.46,6.28,7.89,2.88,2.83,0.69,1,1.47,0.81,1,1.19,0.804,0.103,0.783,0.959,0.914,0.044,0.966,0.998,0.131,-0.107587690832516,0.11045818806976,2.49799015076867,0.315800713165621
"seabob_N_Silva_Base_NN_Demographic inv","seabob","N","Base","Silva","NN","Demographic inv",0.39,0.565752308584288,0.79,0.39,0.499113976110152,0.65,10,21.2687412594162,40,17.07,22.7151329844355,28.33,0.4,0.500052287289853,0.6,0.4,0.497910391190029,0.59,2.21,2.75839235152484,3.31,2.52,2.82,3.13,0.2,0.27,0.33,8.54,10.43,14.16,2.88,2.83,0.7,1.03,1.52,0.8,1,1.19,0.627,0.208,0.691,0.917,0.956,0.022,0.972,0.999,0.152,-0.588665436689757,0.176471551584344,3.00207080437274,0.33862731408334
"seabob_N_Silva_Base_BRT_Smith rebound","seabob","N","Base","Silva","BRT","Smith rebound",0.26,0.42558466577741,0.66,0.26,0.35116689697008,0.48,12,28.2902951770506,55,23.02,32.0823968660827,41.89,0.4,0.499459776204529,0.6,0.4,0.491560053373469,0.59,2.21,2.75839235152484,3.31,2.41,2.79,3.15,0.13,0.19,0.24,11.51,14.57,20.95,2.88,2.83,0.71,1.06,1.57,0.79,0.98,1.17,0.512,0.285,0.64,0.884,0.876,0.064,0.923,0.995,0.143,-0.881294545964137,0.232889551001236,3.26808066511562,0.371963363786181
"seabob_N_Silva_Base_BRT_Myers","seabob","N","Base","Silva","BRT","Myers",0.15,0.303015136656061,0.55,0.15,0.216660279464125,0.31,16,42.5735689980289,93,36,51.6655531182825,69.82,0.4,0.500027546835323,0.6,0.39,0.489762496172474,0.6,2.21,2.75839235152484,3.31,2.3,2.77,3.29,0.08,0.12,0.15,18,23.3,34.91,2.88,2.83,0.7,1.08,1.67,0.78,0.98,1.19,0.365,0.396,0.534,0.797,1.04,-0.02,0.91,0.994,0.154,-1.24747849282075,0.324820746032565,3.65932209940277,0.435893080187016
"seabob_N_Silva_Base_BRT_Euler","seabob","N","Base","Silva","BRT","Euler",0.72,0.90359803370441,1.12,0.72,0.85442656948591,1.03,7,12.9493118750575,23,11,13.4394649712377,15.85,0.4,0.49975337619387,0.6,0.41,0.500908869078478,0.59,2.21,2.75839235152484,3.31,2.64,2.87,3.13,0.36,0.46,0.51,5.5,6.29,7.92,2.88,2.83,0.7,0.99,1.44,0.81,1,1.18,0.775,0.12,0.774,0.961,0.843,0.082,0.955,0.998,0.123,-0.107587690832516,0.11045818806976,2.50883188808997,0.310893999137028
"seabob_N_Silva_Base_BRT_Demographic inv","seabob","N","Base","Silva","BRT","Demographic inv",0.39,0.562348739598837,0.79,0.39,0.504465901894247,0.66,10,21.1637032741118,40,16.88,22.5044243791933,29.1,0.4,0.499644656262284,0.6,0.39,0.491913521225627,0.59,2.21,2.75839235152484,3.31,2.54,2.81,3.1,0.2,0.27,0.33,8.44,10.33,14.55,2.88,2.83,0.72,1.04,1.54,0.79,0.98,1.18,0.703,0.161,0.736,0.941,0.922,0.04,0.928,0.996,0.146,-0.588665436689757,0.176471551584344,2.98928803438361,0.345746369664816
"seabob_N_Freire_Base_NN_Smith rebound","seabob","N","Base","Freire","NN","Smith rebound",0.26,0.426286801110732,0.66,0.23,0.295468183323129,0.39,18,41.3434604117994,83,35.02,45.3955054651019,57.48,0.4,0.499423258792265,0.6,0.41,0.514114108206837,0.61,3.18,3.9730416,4.77,2.9,3.39,3.84,0.11,0.16,0.19,17.51,21.22,28.74,2.23,2.23,0.45,0.66,1,0.82,1.03,1.23,0.416,0.355,0.354,0.63,1.079,-0.039,0.886,0.989,0.061,-0.881294545964137,0.232889551001236,3.65389705346367,0.380491153781638
"seabob_N_Freire_Base_NN_Myers","seabob","N","Base","Freire","NN","Myers",0.15,0.304262428230603,0.55,0.14,0.19151196076157,0.28,23,59.8292175410275,131,47.22,68.5161900162985,91.49,0.4,0.498386218309012,0.6,0.4,0.493936078707054,0.59,3.18,3.9730416,4.77,2.71,3.26,3.86,0.07,0.11,0.14,23.61,30.85,45.74,2.23,2.23,0.47,0.71,1.09,0.79,0.99,1.19,0.319,0.436,0.372,0.671,0.979,0.011,0.961,0.998,0.085,-1.24747849282075,0.324820746032565,4.00734748340618,0.43572511342793
"seabob_N_Freire_Base_NN_Euler","seabob","N","Base","Freire","NN","Euler",0.72,0.90345849955959,1.12,0.64,0.743145950109509,0.9,9,18.7395667775676,34,16.24,20.1276716142111,24,0.4,0.500323566500681,0.6,0.43,0.540354321825202,0.65,3.18,3.9730416,4.77,3.28,3.67,4.15,0.32,0.39,0.45,8.12,9.35,12,2.23,2.23,0.38,0.56,0.82,0.86,1.08,1.3,0.766,0.125,0.34,0.641,1.237,-0.112,0.716,0.933,0.014,-0.107587690832516,0.11045818806976,2.87835235195023,0.320189248667281
"seabob_N_Freire_Base_NN_Demographic inv","seabob","N","Base","Freire","NN","Demographic inv",0.39,0.56588873820098,0.79,0.33,0.412498295808245,0.53,14,30.2238732728951,57,26.46,33.3235246583867,40.76,0.4,0.499030203385795,0.6,0.43,0.530442937753512,0.63,3.18,3.9730416,4.77,3.01,3.44,3.84,0.17,0.22,0.26,13.23,15.35,20.38,2.23,2.23,0.43,0.62,0.91,0.86,1.06,1.26,0.515,0.282,0.303,0.593,1.036,-0.018,0.76,0.954,0.035,-0.588665436689757,0.176471551584344,3.35806148226882,0.345265992599802
"seabob_N_Freire_Base_BRT_Smith rebound","seabob","N","Base","Freire","BRT","Smith rebound",0.26,0.422970135221636,0.66,0.23,0.296430337745324,0.39,18,41.6760421851111,82,34.31,45.0061685909898,56.53,0.4,0.498232087366445,0.6,0.41,0.511722613946385,0.61,3.18,3.9730416,4.77,2.88,3.34,3.8,0.11,0.16,0.2,17.15,20.92,28.27,2.23,2.23,0.45,0.67,1,0.82,1.02,1.23,0.41,0.36,0.362,0.648,1.048,-0.024,0.899,0.991,0.063,-0.881294545964137,0.232889551001236,3.65175017012132,0.376014379082948
"seabob_N_Freire_Base_BRT_Myers","seabob","N","Base","Freire","BRT","Myers",0.15,0.304117271821941,0.55,0.14,0.190519799967532,0.27,23,60.9490390963946,135,48.78,69.2927386123803,94.62,0.4,0.499599816465787,0.6,0.4,0.498550273277415,0.59,3.18,3.9730416,4.77,2.71,3.3,3.91,0.07,0.1,0.13,24.39,31.97,47.31,2.23,2.23,0.46,0.7,1.08,0.8,1,1.19,0.335,0.421,0.374,0.664,1.015,-0.007,0.98,0.999,0.088,-1.24747849282075,0.324820746032565,4.01843305877703,0.44215501635109
"seabob_N_Freire_Base_BRT_Euler","seabob","N","Base","Freire","BRT","Euler",0.72,0.903315754336778,1.12,0.64,0.75576740029814,0.92,9,18.4029165983085,33,15.99,19.6655257352861,23.47,0.4,0.500359428102849,0.6,0.43,0.551631119460297,0.66,3.18,3.9730416,4.77,3.32,3.69,4.18,0.32,0.41,0.46,7.99,9.07,11.73,2.23,2.23,0.38,0.55,0.81,0.86,1.11,1.32,0.815,0.097,0.411,0.705,1.391,-0.179,0.631,0.895,0.011,-0.107587690832516,0.11045818806976,2.86843043892002,0.309551951543872
"seabob_N_Freire_Base_BRT_Demographic inv","seabob","N","Base","Freire","BRT","Demographic inv",0.39,0.564847609152841,0.79,0.33,0.41043342292013,0.53,14,30.6233704186775,57,26.48,33.6042134910608,41.14,0.4,0.501264484643847,0.6,0.42,0.524296968965898,0.63,3.18,3.9730416,4.77,3.05,3.44,3.88,0.17,0.22,0.26,13.24,15.64,20.57,2.23,2.23,0.43,0.63,0.92,0.84,1.04,1.25,0.52,0.279,0.3,0.578,1.115,-0.056,0.838,0.975,0.034,-0.588665436689757,0.176471551584344,3.36234056989188,0.344626039289405
"pink_SE_Silva_Base_NN_Smith rebound","pink","SE","Base","Silva","NN","Smith rebound",0.18,0.336430128649529,0.58,0.15,0.200995051708542,0.28,11,26.9244384914581,57,24.02,32.1212669969948,41.17,0.22,0.320900962922057,0.42,0.24,0.341835755170484,0.45,1.59,1.98345549122973,2.38,1.33,1.61,1.87,0.07,0.11,0.14,12.01,14.81,20.59,0.91,0.96,0.54,0.85,1.39,0.48,0.68,0.9,0.368,0.393,0.279,0.561,1.027,-0.013,0.855,0.98,0.005,-1.1297628017668,0.292517813162564,3.20567744584358,0.4173534872163
"pink_SE_Silva_Base_NN_Myers","pink","SE","Base","Silva","NN","Myers",0.07,0.202414014264794,0.47,0.06,0.0926669227033459,0.14,14,51.3847622808455,133,43.33,67.3254567162636,98.85,0.22,0.318958871766885,0.42,0.23,0.321266320863078,0.42,1.59,1.98345549122973,2.38,1.1,1.54,2.16,0.03,0.05,0.07,21.66,29.78,49.42,0.91,0.96,0.55,0.96,1.74,0.45,0.64,0.84,0.22,0.531,0.294,0.575,0.891,0.056,0.967,0.998,0.035,-1.70714131060541,0.476059363163686,3.78113198458452,0.55629687741293
"pink_SE_Silva_Base_NN_Euler","pink","SE","Base","Silva","NN","Euler",0.37,0.542244724123854,0.77,0.31,0.395420823766466,0.53,8,15.9270845204331,30,14.6,18.8050407958411,22.7,0.22,0.320707761873843,0.42,0.24,0.338693896169259,0.46,1.59,1.98345549122973,2.38,1.6,1.85,2.07,0.15,0.21,0.26,7.3,8.63,11.35,0.91,0.96,0.48,0.74,1.23,0.47,0.67,0.91,0.682,0.174,0.354,0.644,1.045,-0.022,0.862,0.984,0,-0.627808518739137,0.183221877302365,2.71062950542765,0.344607802538859
"pink_SE_Silva_Base_NN_Demographic inv","pink","SE","Base","Silva","NN","Demographic inv",0.35,0.52237435953231,0.75,0.29,0.376001736602115,0.49,8,16.384183620709,31,15.24,19.6404999918851,24.05,0.22,0.318758646626972,0.42,0.23,0.338024734767649,0.44,1.59,1.98345549122973,2.38,1.59,1.84,2.08,0.15,0.2,0.25,7.62,9.06,12.02,0.91,0.96,0.48,0.74,1.26,0.46,0.67,0.89,0.609,0.22,0.344,0.638,1.023,-0.011,0.849,0.982,0,-0.668752098475229,0.190535013011724,2.73655787922227,0.350072030827721
"pink_SE_Silva_Base_BRT_Smith rebound","pink","SE","Base","Silva","BRT","Smith rebound",0.18,0.33771835455346,0.58,0.15,0.199409828478112,0.27,11,26.805539987548,57,24.27,32.5537186516314,42.67,0.22,0.320335348912443,0.42,0.24,0.338705307901482,0.44,1.59,1.98345549122973,2.38,1.32,1.64,1.96,0.07,0.11,0.14,12.14,15.1,21.34,0.91,0.96,0.54,0.86,1.43,0.49,0.68,0.89,0.363,0.398,0.286,0.561,0.949,0.026,0.862,0.983,0.006,-1.1297628017668,0.292517813162564,3.20242689981394,0.416780644839229
"pink_SE_Silva_Base_BRT_Myers","pink","SE","Base","Silva","BRT","Myers",0.07,0.203758171548936,0.47,0.06,0.0932546701878494,0.14,14,51.5943727850801,135,43.94,68.3445223293267,99.87,0.22,0.320299021974434,0.42,0.23,0.323753576810791,0.42,1.59,1.98345549122973,2.38,1.14,1.57,2.13,0.03,0.05,0.07,21.97,30.11,49.93,0.91,0.96,0.53,0.93,1.67,0.46,0.64,0.84,0.225,0.526,0.295,0.577,0.883,0.06,0.951,0.997,0.035,-1.70714131060541,0.476059363163686,3.78212232582961,0.561908070026732
"pink_SE_Silva_Base_BRT_Euler","pink","SE","Base","Silva","BRT","Euler",0.37,0.542947785309361,0.77,0.3,0.396259751904076,0.52,7,15.6416985669612,30,14.45,18.6370215670766,23.06,0.22,0.320538361186481,0.42,0.24,0.33768981882769,0.44,1.59,1.98345549122973,2.38,1.59,1.82,2.04,0.15,0.21,0.26,7.22,8.61,11.53,0.91,0.96,0.49,0.75,1.19,0.47,0.67,0.89,0.656,0.19,0.353,0.634,1.006,-0.003,0.863,0.986,0,-0.627808518739137,0.183221877302365,2.69170603770931,0.347686302606437
"pink_SE_Silva_Base_BRT_Demographic inv","pink","SE","Base","Silva","BRT","Demographic inv",0.35,0.522661392202809,0.75,0.3,0.377292666481143,0.5,8,16.2634652130407,31,15.11,19.3350077740273,23.67,0.22,0.319957724608247,0.42,0.23,0.336859451174677,0.44,1.59,1.98345549122973,2.38,1.6,1.82,2.04,0.15,0.21,0.25,7.56,8.89,11.84,0.91,0.96,0.49,0.76,1.26,0.47,0.67,0.89,0.566,0.248,0.341,0.629,1.043,-0.021,0.875,0.987,0,-0.668752098475229,0.190535013011724,2.73352755957745,0.344343893528388
"pink_S_Silva_Base_NN_Smith rebound","pink","S","Base","Silva","NN","Smith rebound",0.09,0.23199331079558,0.49,0.07,0.104008268597553,0.16,62,196.882447149671,490,157.49,258.456181269794,391.02,0.22,0.319185107339857,0.42,0.22,0.314774236437542,0.41,7.34,9.1709926535944,11.01,4.48,6.49,10.01,0.04,0.06,0.08,78.74,110.9,195.51,3.35,3.24,0.45,0.82,1.56,0.44,0.63,0.83,0.262,0.488,0.242,0.508,1.015,-0.007,0.965,0.999,0.024,-1.56064774826467,0.423648930193602,5.1571707965312,0.518570203086785
"pink_S_Silva_Base_NN_Myers","pink","S","Base","Silva","NN","Myers",0.03,0.141398344208919,0.43,0.03,0.0453625914629444,0.07,76,428.08402051782,1391,507.18,801.765568713497,1167.67,0.22,0.319742704438921,0.42,0.21,0.310828147063619,0.41,7.34,9.1709926535944,11.01,6.02,8.78,12.61,0.01,0.03,0.04,253.59,343.07,583.84,3.35,3.24,0.35,0.61,1.21,0.42,0.62,0.82,0.128,0.642,0.258,0.517,0.99,0.005,0.936,0.995,0.053,-2.17526398380726,0.665646956756363,5.78286795071874,0.727443973071366
"pink_S_Silva_Base_NN_Euler","pink","S","Base","Silva","NN","Euler",0.39,0.563043109459919,0.79,0.31,0.391856470549251,0.51,33,69.9343380896862,131,50.48,64.9532816592253,81.06,0.22,0.320846853966372,0.42,0.23,0.339356828599787,0.45,7.34,9.1709926535944,11.01,5.42,6.37,7.32,0.15,0.21,0.26,25.24,30.69,40.53,3.35,3.24,0.49,0.77,1.31,0.46,0.68,0.9,0.614,0.216,0.261,0.516,1.048,-0.024,0.857,0.984,0,-0.588665436689757,0.176471551584344,4.18978418625093,0.3419451941253
"pink_S_Silva_Base_NN_Demographic inv","pink","S","Base","Silva","NN","Demographic inv",0.28,0.444941890722996,0.68,0.21,0.280214195585849,0.38,41,91.3708868448956,175,64.45,85.8828377748988,111.05,0.22,0.320262310918721,0.42,0.23,0.334333748758877,0.43,7.34,9.1709926535944,11.01,4.99,6.17,7.23,0.11,0.15,0.19,32.22,40.34,55.53,3.35,3.24,0.53,0.83,1.41,0.47,0.67,0.87,0.557,0.254,0.253,0.504,1.033,-0.017,0.883,0.989,0.001,-0.829314078312436,0.221825798750226,4.43796750791798,0.364642373656064
"pink_S_Silva_Base_BRT_Smith rebound","pink","S","Base","Silva","BRT","Smith rebound",0.09,0.230661329284956,0.49,0.07,0.103232093165553,0.15,63,200.154630068535,490,154.59,256.709682582528,387.84,0.22,0.319799063034491,0.42,0.23,0.321062068661509,0.42,7.34,9.1709926535944,11.01,4.42,6.33,9.63,0.04,0.06,0.08,77.3,109.42,193.92,3.35,3.24,0.45,0.82,1.52,0.45,0.64,0.84,0.258,0.492,0.243,0.5,0.93,0.036,0.967,0.999,0.021,-1.56064774826467,0.423648930193602,5.16811560448061,0.513117291036001
"pink_S_Silva_Base_BRT_Myers","pink","S","Base","Silva","BRT","Myers",0.03,0.140083936839246,0.43,0.03,0.0445228043208113,0.07,76,424.316602260878,1356,492.78,774.10820645711,1130.46,0.22,0.32050230337357,0.42,0.22,0.312592595060939,0.41,7.34,9.1709926535944,11.01,5.58,8.36,12.33,0.01,0.02,0.03,246.39,336.64,565.23,3.35,3.24,0.35,0.65,1.24,0.45,0.62,0.83,0.145,0.62,0.259,0.524,0.955,0.023,0.93,0.996,0.062,-2.17526398380726,0.665646956756363,5.77363723345397,0.719354665222091
"pink_S_Silva_Base_BRT_Euler","pink","S","Base","Silva","BRT","Euler",0.39,0.564797373439106,0.79,0.3,0.383788778261574,0.49,34,70.5873467026055,132,50.65,65.3202799780019,81.02,0.22,0.32029045656986,0.42,0.23,0.334119250323106,0.44,7.34,9.1709926535944,11.01,5.35,6.25,7.19,0.15,0.2,0.25,25.33,30.61,40.51,3.35,3.24,0.52,0.8,1.37,0.46,0.67,0.87,0.607,0.221,0.225,0.467,1.027,-0.014,0.894,0.99,0,-0.588665436689757,0.176471551584344,4.197024764235,0.341561336611095
"pink_S_Silva_Base_BRT_Demographic inv","pink","S","Base","Silva","BRT","Demographic inv",0.28,0.448393537310706,0.68,0.21,0.281731669199906,0.38,40,89.2767410723324,175,64.39,85.4697909143722,110.7,0.22,0.319677846192923,0.42,0.24,0.335307263100719,0.44,7.34,9.1709926535944,11.01,5.01,6.07,7.19,0.11,0.15,0.19,32.19,39.8,55.35,3.35,3.24,0.53,0.83,1.38,0.47,0.67,0.89,0.534,0.27,0.229,0.486,0.989,0.005,0.884,0.989,0.002,-0.829314078312436,0.221825798750226,4.43182872103261,0.365351676272932
"pink_S_Freire_Base_NN_Smith rebound","pink","S","Base","Freire","NN","Smith rebound",0.09,0.23072009259329,0.49,0.07,0.10269015368522,0.15,32,104.618466412007,261,83.6,139.515505926771,210.93,0.22,0.319570447963038,0.42,0.23,0.323998020661019,0.43,3.88,4.84728765,5.82,2.38,3.44,5.22,0.03,0.06,0.08,41.8,60.03,105.46,1.41,1.35,0.35,0.64,1.23,0.45,0.65,0.85,0.264,0.486,0.237,0.493,0.997,0.001,0.963,0.999,0.023,-1.56064774826467,0.423648930193602,4.52256269886747,0.521298231234217
"pink_S_Freire_Base_NN_Myers","pink","S","Base","Freire","NN","Myers",0.03,0.140140635170488,0.43,0.03,0.0458738345054747,0.07,40,225.645688272297,740,274,427.869685002655,612.52,0.22,0.320721250040356,0.42,0.22,0.30854146566027,0.4,3.88,4.84728765,5.82,3.31,4.74,6.63,0.01,0.03,0.04,137,183.54,306.26,1.41,1.35,0.29,0.49,0.93,0.44,0.62,0.81,0.13,0.639,0.261,0.526,0.913,0.044,0.907,0.991,0.068,-2.17526398380726,0.665646956756363,5.14304311307447,0.731549720600347
"pink_S_Freire_Base_NN_Euler","pink","S","Base","Freire","NN","Euler",0.39,0.564737692868763,0.79,0.31,0.388763809679174,0.51,18,36.9715166319597,68,24.49,31.7217944208628,39.56,0.22,0.320876845824354,0.42,0.24,0.337942258130914,0.44,3.88,4.84728765,5.82,2.71,3.14,3.52,0.15,0.21,0.26,12.25,14.75,19.78,1.41,1.35,0.45,0.69,1.12,0.47,0.67,0.89,0.615,0.215,0.252,0.525,1.034,-0.017,0.863,0.985,0,-0.588665436689757,0.176471551584344,3.55262917779526,0.336175276197448
"pink_S_Freire_Base_NN_Demographic inv","pink","S","Base","Freire","NN","Demographic inv",0.28,0.446370927013144,0.68,0.21,0.276146794574434,0.38,21,47.7325831407688,93,31.45,43.1728129134825,56.63,0.22,0.320946877200495,0.42,0.23,0.336668635006249,0.44,3.88,4.84728765,5.82,2.51,2.99,3.5,0.1,0.15,0.19,15.72,19.78,28.32,1.41,1.35,0.46,0.72,1.23,0.47,0.67,0.89,0.548,0.26,0.232,0.475,1.053,-0.026,0.869,0.988,0.001,-0.829314078312436,0.221825798750226,3.79243603388198,0.370673519840463
"pink_S_Freire_Base_BRT_Smith rebound","pink","S","Base","Freire","BRT","Smith rebound",0.09,0.228885080843754,0.49,0.07,0.102556667929316,0.15,33,107.130505832408,263,85.69,142.702223878748,210.92,0.22,0.320760053012989,0.42,0.22,0.318031191436307,0.42,3.88,4.84728765,5.82,2.4,3.47,5.29,0.03,0.06,0.08,42.84,60.42,105.46,1.41,1.35,0.35,0.64,1.24,0.45,0.64,0.83,0.267,0.483,0.232,0.5,0.956,0.022,0.979,0.999,0.025,-1.56064774826467,0.423648930193602,4.53372051921776,0.519768392758211
"pink_S_Freire_Base_BRT_Myers","pink","S","Base","Freire","BRT","Myers",0.03,0.144098913198441,0.43,0.03,0.0445570873202173,0.07,40,221.328474598348,723,265.36,416.86473603908,611.28,0.22,0.32012488427746,0.42,0.22,0.309312781572337,0.41,3.88,4.84728765,5.82,2.96,4.5,6.66,0.01,0.02,0.04,132.68,181.76,305.64,1.41,1.35,0.28,0.52,1.03,0.44,0.62,0.82,0.146,0.617,0.253,0.513,0.892,0.055,0.91,0.993,0.064,-2.17526398380726,0.665646956756363,5.13857462032443,0.722427797648129
"pink_S_Freire_Base_BRT_Euler","pink","S","Base","Freire","BRT","Euler",0.39,0.565581645312348,0.79,0.31,0.399717718121837,0.53,18,36.6694205428934,69,24.06,31.0983193864447,38.96,0.22,0.320480487928831,0.42,0.23,0.343171016227202,0.45,3.88,4.84728765,5.82,2.7,3.11,3.5,0.16,0.21,0.26,12.03,14.55,19.48,1.41,1.35,0.43,0.67,1.14,0.46,0.69,0.9,0.652,0.192,0.278,0.555,1.1,-0.049,0.823,0.976,0,-0.588665436689757,0.176471551584344,3.55178276952318,0.343679770328992
"pink_S_Freire_Base_BRT_Demographic inv","pink","S","Base","Freire","BRT","Demographic inv",0.28,0.447371491103018,0.68,0.21,0.278773920932778,0.38,21,47.4754953146822,92,31.96,42.5671222013837,54.82,0.22,0.3195150348906,0.42,0.24,0.340127813373569,0.44,3.88,4.84728765,5.82,2.56,3.04,3.47,0.11,0.15,0.19,15.98,19.91,27.41,1.41,1.35,0.46,0.71,1.22,0.47,0.68,0.89,0.523,0.277,0.222,0.481,1.055,-0.027,0.827,0.979,0.002,-0.829314078312436,0.221825798750226,3.79009388237695,0.368496937603758
"brown_NE_Silva_Base_NN_Smith rebound","brown","NE","Base","Silva","NN","Smith rebound",0.26,0.42346394046287,0.66,0.28,0.377037788762581,0.52,4,8.73421804463467,17,7.45,10.3053447884459,13.36,0.4,0.499451892698231,0.6,0.41,0.503396275164676,0.6,0.67,0.836857792800098,1,0.82,0.97,1.12,0.14,0.21,0.26,3.72,4.66,6.68,1.02,1,0.72,1.07,1.64,0.81,1.01,1.2,0.536,0.268,0.764,0.943,0.936,0.032,0.959,0.998,0.139,-0.881294545964137,0.232889551001236,2.09251661646755,0.372330536569868
"brown_NE_Silva_Base_NN_Myers","brown","NE","Base","Silva","NN","Myers",0.09,0.228524902916823,0.49,0.1,0.147130178556585,0.23,6,18.0714924677469,45,16.24,24.2697856385075,33.92,0.4,0.500080463875522,0.6,0.4,0.504008124581173,0.6,0.67,0.836857792800098,1,0.66,0.88,1.11,0.05,0.08,0.11,8.12,10.69,16.96,1.02,1,0.74,1.2,1.99,0.8,1.01,1.21,0.315,0.439,0.524,0.79,1.028,-0.014,0.961,0.998,0.166,-1.56064774826467,0.423648930193602,2.75890519710319,0.518505084141216
"brown_NE_Silva_Base_NN_Euler","brown","NE","Base","Silva","NN","Euler",0.7,0.884005407640757,1.1,0.72,0.859110303153797,1.03,2,3.99088414404281,7,3.86,4.75290769031237,5.69,0.4,0.501090401742696,0.6,0.41,0.508824704792284,0.6,0.67,0.836857792800098,1,0.91,1.01,1.14,0.36,0.45,0.52,1.93,2.24,2.85,1.02,1,0.67,1,1.47,0.82,1.02,1.21,0.841,0.083,0.888,0.987,0.981,0.01,0.936,0.997,0.098,-0.130682382067204,0.112996280935764,1.34206890215974,0.316973420518
"brown_NE_Silva_Base_NN_Demographic inv","brown","NE","Base","Silva","NN","Demographic inv",0.42,0.59548199006084,0.82,0.44,0.567721056552734,0.75,3,6.00522104643235,11,5.32,7.05583157923171,8.82,0.4,0.499661632605878,0.6,0.4,0.503124144847219,0.6,0.67,0.836857792800098,1,0.87,1,1.14,0.22,0.31,0.37,2.66,3.23,4.41,1.02,1,0.69,1.04,1.58,0.8,1.01,1.21,0.736,0.142,0.871,0.982,1.052,-0.026,0.97,0.999,0.118,-0.532975753214281,0.167262407245221,1.73445567607134,0.337429080673473
"brown_NE_Silva_Base_BRT_Smith rebound","brown","NE","Base","Silva","BRT","Smith rebound",0.26,0.42555206637004,0.66,0.28,0.380092302881467,0.52,4,8.67947075977883,17,7.42,10.2560939165223,13.3,0.4,0.500166931125638,0.6,0.41,0.504985391710789,0.6,0.67,0.836857792800098,1,0.82,0.96,1.11,0.14,0.21,0.26,3.71,4.64,6.65,1.02,1,0.71,1.07,1.63,0.81,1.01,1.19,0.554,0.256,0.778,0.948,0.941,0.03,0.946,0.997,0.144,-0.881294545964137,0.232889551001236,2.09286093802851,0.375707355218919
"brown_NE_Silva_Base_BRT_Myers","brown","NE","Base","Silva","BRT","Myers",0.09,0.230382790446592,0.49,0.09,0.146509585561337,0.23,6,18.1112289391269,45,16.12,24.5873480579527,34.32,0.4,0.498535395887307,0.6,0.41,0.511789032327865,0.61,0.67,0.836857792800098,1,0.67,0.89,1.13,0.05,0.08,0.12,8.06,10.75,17.16,1.02,1,0.73,1.17,1.92,0.83,1.02,1.22,0.327,0.428,0.517,0.79,1.035,-0.017,0.896,0.991,0.17,-1.56064774826467,0.423648930193602,2.7705569288283,0.516804163570806
"brown_NE_Silva_Base_BRT_Euler","brown","NE","Base","Silva","BRT","Euler",0.7,0.882261498270661,1.1,0.73,0.868599707033798,1.05,2,4.03409571618447,7,3.83,4.72824471624672,5.71,0.4,0.500440445140821,0.6,0.41,0.51346434916282,0.61,0.67,0.836857792800098,1,0.92,1.03,1.17,0.37,0.46,0.52,1.92,2.23,2.86,1.02,1,0.66,0.98,1.47,0.82,1.03,1.22,0.786,0.113,0.926,0.993,0.999,0.001,0.887,0.991,0.102,-0.130682382067204,0.112996280935764,1.34202208586978,0.318982077217806
"brown_NE_Silva_Base_BRT_Demographic inv","brown","NE","Base","Silva","BRT","Demographic inv",0.42,0.59489948034347,0.82,0.44,0.569074182435541,0.74,3,6.02551769810065,11,5.37,7.05440269434689,8.97,0.4,0.501467640776758,0.6,0.41,0.50832140676843,0.6,0.67,0.836857792800098,1,0.87,0.99,1.14,0.22,0.3,0.37,2.68,3.26,4.48,1.02,1,0.69,1.02,1.53,0.81,1.02,1.2,0.748,0.135,0.881,0.983,0.968,0.016,0.936,0.997,0.115,-0.532975753214281,0.167262407245221,1.73970904351234,0.33979355366767
"brown_NE_Freire_Base_NN_Smith rebound","brown","NE","Base","Freire","NN","Smith rebound",0.26,0.425303349539038,0.66,0.22,0.301975244043583,0.42,7,16.7353778899943,33,15.24,21.6110635772671,29.58,0.4,0.499274655284038,0.6,0.4,0.499648232808423,0.6,1.29,1.6153407,1.94,1.23,1.62,2.13,0.11,0.16,0.21,7.62,9.84,14.79,1.54,1.48,0.59,0.95,1.5,0.8,1,1.2,0.545,0.262,0.415,0.717,1.036,-0.018,0.982,0.999,0.17,-0.881294545964137,0.232889551001236,2.74140101082689,0.373872037842575
"brown_NE_Freire_Base_NN_Myers","brown","NE","Base","Freire","NN","Myers",0.09,0.230795359769714,0.49,0.08,0.117216278230657,0.18,11,34.8462364881625,86,37.04,55.5798673748515,79.93,0.4,0.500675354431843,0.6,0.4,0.491703989418736,0.59,1.29,1.6153407,1.94,1.11,1.6,2.22,0.04,0.06,0.09,18.52,24.65,39.97,1.54,1.48,0.59,0.99,1.64,0.8,0.98,1.18,0.297,0.455,0.326,0.607,0.963,0.019,0.922,0.995,0.187,-1.56064774826467,0.423648930193602,3.42546477577334,0.513116450084629
"brown_NE_Freire_Base_NN_Euler","brown","NE","Base","Freire","NN","Euler",0.7,0.882316332377464,1.1,0.65,0.782545964114182,0.95,4,7.73165443437465,14,7.16,8.95364250594956,10.96,0.4,0.500016356826496,0.6,0.41,0.506285178469749,0.61,1.29,1.6153407,1.94,1.49,1.74,2.05,0.33,0.41,0.47,3.58,4.25,5.48,1.54,1.48,0.58,0.86,1.3,0.82,1.01,1.21,0.8,0.105,0.578,0.856,1.034,-0.017,0.948,0.997,0.082,-0.130682382067204,0.112996280935764,1.99481718584816,0.316704238883877
"brown_NE_Freire_Base_NN_Demographic inv","brown","NE","Base","Freire","NN","Demographic inv",0.42,0.597012335677268,0.82,0.38,0.478123890750449,0.62,6,11.4991125288832,22,10.42,14.038539620117,18.28,0.4,0.500515039055082,0.6,0.4,0.500799268567302,0.6,1.29,1.6153407,1.94,1.34,1.65,2.08,0.19,0.25,0.31,5.21,6.5,9.14,1.54,1.48,0.59,0.92,1.43,0.8,1,1.2,0.714,0.155,0.482,0.775,1.032,-0.016,0.983,0.999,0.131,-0.532975753214281,0.167262407245221,2.39844946446949,0.336075770054675
"brown_NE_Freire_Base_BRT_Smith rebound","brown","NE","Base","Freire","BRT","Smith rebound",0.26,0.426160944441549,0.66,0.22,0.303084948754759,0.42,7,16.6081518274097,33,15.16,21.4146464824139,29.33,0.4,0.500016251196287,0.6,0.4,0.499150327475984,0.6,1.29,1.6153407,1.94,1.23,1.6,2.09,0.11,0.16,0.21,7.58,9.75,14.67,1.54,1.48,0.61,0.97,1.53,0.8,1,1.2,0.546,0.261,0.408,0.71,0.984,0.008,0.983,0.999,0.169,-0.881294545964137,0.232889551001236,2.73937141013219,0.374684407871059
"brown_NE_Freire_Base_BRT_Myers","brown","NE","Base","Freire","BRT","Myers",0.09,0.229565538947343,0.49,0.08,0.117640376996469,0.18,11,35.1471819588723,86,36.71,56.4283342804886,81.84,0.4,0.500308252403895,0.6,0.39,0.494093456598109,0.6,1.29,1.6153407,1.94,1.13,1.63,2.27,0.04,0.07,0.09,18.36,24.84,40.92,1.54,1.48,0.57,0.97,1.65,0.78,0.99,1.19,0.294,0.458,0.327,0.617,1.058,-0.029,0.946,0.998,0.188,-1.56064774826467,0.423648930193602,3.42109455033077,0.518456252471051
"brown_NE_Freire_Base_BRT_Euler","brown","NE","Base","Freire","BRT","Euler",0.7,0.880927229053918,1.1,0.66,0.783385837202478,0.95,4,7.75851535007992,14,7.15,8.96362937255326,11.13,0.4,0.499808636334555,0.6,0.41,0.50725510409641,0.61,1.29,1.6153407,1.94,1.5,1.74,2.05,0.33,0.41,0.48,3.57,4.23,5.57,1.54,1.48,0.57,0.86,1.28,0.81,1.01,1.22,0.83,0.089,0.583,0.861,0.975,0.013,0.946,0.997,0.084,-0.130682382067204,0.112996280935764,1.9936808266854,0.319955005411796
"brown_NE_Freire_Base_BRT_Demographic inv","brown","NE","Base","Freire","BRT","Demographic inv",0.42,0.596229612400054,0.82,0.37,0.475399986484763,0.62,6,11.6374178641709,22,10.62,14.1121806388974,18.48,0.4,0.500310312405207,0.6,0.4,0.499339043603144,0.6,1.29,1.6153407,1.94,1.34,1.67,2.07,0.19,0.26,0.31,5.31,6.54,9.24,1.54,1.48,0.6,0.92,1.4,0.8,1,1.2,0.71,0.158,0.467,0.766,0.999,0.001,0.973,0.999,0.134,-0.532975753214281,0.167262407245221,2.40437202893469,0.339825208628929
"brown_N_Silva_Base_NN_Smith rebound","brown","N","Base","Silva","NN","Smith rebound",0.26,0.427342761419101,0.66,0.27,0.355603491488583,0.5,27,60.2632841658814,118,41.75,57.9282269611564,75.83,0.4,0.500463949230194,0.6,0.4,0.50192685286719,0.6,4.66,5.81999330329537,6.98,4.4,5.13,5.79,0.13,0.2,0.25,20.88,26.1,37.92,4.88,5.06,0.67,0.98,1.48,0.8,1.01,1.19,0.532,0.271,0.648,0.897,0.945,0.028,0.969,0.999,0.18,-0.881294545964137,0.232889551001236,4.02703714450788,0.369875909172436
"brown_N_Silva_Base_NN_Myers","brown","N","Base","Silva","NN","Myers",0.09,0.231955061877374,0.49,0.09,0.129030078627518,0.2,39,123.677481368093,310,100.91,162.400403913494,240.09,0.4,0.501137786756202,0.6,0.39,0.489798249498305,0.59,4.66,5.81999330329537,6.98,3.77,5.11,6.91,0.04,0.07,0.1,50.46,70.46,120.04,4.88,5.06,0.62,1.02,1.68,0.79,0.98,1.17,0.303,0.449,0.404,0.69,0.95,0.025,0.91,0.993,0.179,-1.56064774826467,0.423648930193602,4.70165535517271,0.518056015602869
"brown_N_Silva_Base_NN_Euler","brown","N","Base","Silva","NN","Euler",0.7,0.882763813865249,1.1,0.68,0.798964680955868,0.95,14,27.7440315744973,49,22.76,27.3446095351719,32.11,0.4,0.499676992974233,0.6,0.42,0.526373860148737,0.62,4.66,5.81999330329537,6.98,4.9,5.45,6.03,0.34,0.42,0.48,11.38,12.93,16.06,4.88,5.06,0.59,0.87,1.29,0.85,1.06,1.25,0.724,0.149,0.641,0.889,1.039,-0.019,0.784,0.967,0.099,-0.130682382067204,0.112996280935764,3.27448940205843,0.313223846389372
"brown_N_Silva_Base_NN_Demographic inv","brown","N","Base","Silva","NN","Demographic inv",0.42,0.595037292867099,0.82,0.43,0.530335001500001,0.69,20,41.6980031515216,78,31.19,40.037668362073,49.08,0.4,0.500306722983383,0.6,0.41,0.512104051606732,0.61,4.66,5.81999330329537,6.98,4.68,5.3,5.85,0.21,0.29,0.34,15.6,18.33,24.54,4.88,5.06,0.63,0.93,1.38,0.82,1.02,1.22,0.671,0.181,0.693,0.926,0.988,0.006,0.904,0.992,0.147,-0.532975753214281,0.167262407245221,3.67812571975426,0.338457311910102
"brown_N_Silva_Base_BRT_Smith rebound","brown","N","Base","Silva","BRT","Smith rebound",0.26,0.423745686208493,0.66,0.27,0.370065377855763,0.52,27,60.8824590004341,119,42.16,59.1487650270229,79.75,0.53,0.630502035088668,0.73,0.51,0.613595757246276,0.71,4.66,5.81999330329537,6.98,4.58,5.42,6.25,0.13,0.2,0.26,21.08,26.82,39.88,4.88,5.06,0.52,0.76,1.13,1.02,1.23,1.41,0.613,0.217,0.748,0.941,0.959,0.021,0.872,0.986,0.26,-0.881294545964137,0.232889551001236,4.03699238829534,0.371107078067055
"brown_N_Silva_Base_BRT_Myers","brown","N","Base","Silva","BRT","Myers",0.09,0.22985519257173,0.49,0.09,0.135143478909827,0.21,41,129.341777331587,317,104.88,172.474671513845,251.25,0.53,0.630849388159429,0.73,0.52,0.618066678399063,0.71,4.66,5.81999330329537,6.98,4.1,5.57,7.76,0.04,0.08,0.1,52.44,73.15,125.62,4.88,5.06,0.44,0.72,1.18,1.04,1.24,1.42,0.296,0.456,0.453,0.738,0.868,0.068,0.892,0.991,0.233,-1.56064774826467,0.423648930193602,4.73027032545963,0.513648040147758
"brown_N_Silva_Base_BRT_Euler","brown","N","Base","Silva","BRT","Euler",0.7,0.881521900039565,1.1,0.69,0.82147139411344,0.97,14,27.8538726324254,49,23.24,27.8404339376584,33.14,0.53,0.630428300875604,0.73,0.55,0.636682998595613,0.72,4.66,5.81999330329537,6.98,5.18,5.68,6.28,0.35,0.43,0.49,11.62,13.19,16.57,4.88,5.06,0.48,0.69,0.97,1.1,1.28,1.44,0.707,0.159,0.743,0.935,0.734,0.143,0.912,0.991,0.227,-0.130682382067204,0.112996280935764,3.27255674782924,0.311777257172456
"brown_N_Silva_Base_BRT_Demographic inv","brown","N","Base","Silva","BRT","Demographic inv",0.42,0.595301364812993,0.82,0.43,0.551146682245884,0.72,20,42.3680737759853,79,31.39,40.5159694092798,50.12,0.53,0.629861979427666,0.73,0.53,0.625017306161727,0.72,4.66,5.81999330329537,6.98,4.89,5.59,6.26,0.22,0.3,0.36,15.69,18.86,25.06,4.88,5.06,0.5,0.72,1.06,1.05,1.25,1.43,0.685,0.172,0.806,0.962,0.898,0.052,0.951,0.997,0.262,-0.532975753214281,0.167262407245221,3.69042948209484,0.340277060963929
"brown_N_Freire_Base_NN_Smith rebound","brown","N","Base","Freire","NN","Smith rebound",0.26,0.425855925882958,0.66,0.24,0.314518165763636,0.41,25,57.798460380643,115,47.7,62.3530115572283,77.88,0.4,0.499550008258927,0.6,0.41,0.505331980375348,0.6,4.47,5.58340875,6.7,4.25,4.85,5.46,0.12,0.17,0.21,23.85,28.96,38.94,3.37,3.38,0.47,0.7,1.04,0.82,1.01,1.2,0.417,0.354,0.431,0.726,0.884,0.06,0.941,0.997,0.068,-0.881294545964137,0.232889551001236,3.98869727106795,0.377786047262173
"brown_N_Freire_Base_NN_Myers","brown","N","Base","Freire","NN","Myers",0.09,0.230695670031182,0.49,0.08,0.127059236711422,0.19,38,120.138590869249,292,96.75,149.926197177239,217.73,0.4,0.500311989492451,0.6,0.4,0.488631832865947,0.58,4.47,5.58340875,6.7,3.48,4.68,6.17,0.04,0.07,0.1,48.38,66.18,108.86,3.37,3.38,0.47,0.77,1.24,0.79,0.98,1.16,0.293,0.458,0.394,0.681,0.873,0.065,0.901,0.992,0.131,-1.56064774826467,0.423648930193602,4.66130529078566,0.507682366264014
"brown_N_Freire_Base_NN_Euler","brown","N","Base","Freire","NN","Euler",0.7,0.882713640925779,1.1,0.63,0.747333996463714,0.88,14,26.7597538091485,47,24.19,29.3495880315356,34.26,0.4,0.500490334646456,0.6,0.42,0.526688472023339,0.63,4.47,5.58340875,6.7,4.9,5.47,6.17,0.32,0.39,0.44,12.09,13.92,17.13,3.37,3.38,0.41,0.59,0.86,0.84,1.06,1.26,0.668,0.182,0.43,0.718,1.075,-0.037,0.8,0.969,0.014,-0.130682382067204,0.112996280935764,3.23975012796088,0.30845820191425
"brown_N_Freire_Base_NN_Demographic inv","brown","N","Base","Freire","NN","Demographic inv",0.42,0.59506239121763,0.82,0.38,0.469501843716398,0.6,19,40.3960039561935,75,35.17,43.8314502699003,52.53,0.4,0.499712037181516,0.6,0.42,0.517731483341831,0.61,4.47,5.58340875,6.7,4.55,5.16,5.76,0.19,0.26,0.3,17.58,20.25,26.27,3.37,3.38,0.44,0.65,0.95,0.84,1.04,1.23,0.554,0.256,0.427,0.726,1.018,-0.009,0.853,0.984,0.039,-0.532975753214281,0.167262407245221,3.63818991015549,0.336839211309638
"brown_N_Freire_Base_BRT_Smith rebound","brown","N","Base","Freire","BRT","Smith rebound",0.26,0.425158312624018,0.66,0.25,0.329861223323501,0.44,25,57.9880847631318,114,45.99,60.9264576211791,78.7,0.47,0.569957872189305,0.67,0.47,0.565735791186281,0.66,4.47,5.58340875,6.7,4.33,4.97,5.6,0.12,0.18,0.22,23,27.86,39.35,3.37,3.38,0.41,0.61,0.88,0.94,1.13,1.32,0.481,0.306,0.526,0.807,0.911,0.046,0.952,0.998,0.123,-0.881294545964137,0.232889551001236,3.98802241345675,0.376213192888995
"brown_N_Freire_Base_BRT_Myers","brown","N","Base","Freire","BRT","Myers",0.09,0.23043980784542,0.49,0.09,0.133202424717166,0.2,38,119.266742838387,295,97.76,151.758495571883,217.59,0.47,0.569332463631686,0.67,0.45,0.549172629640355,0.64,4.47,5.58340875,6.7,3.75,4.92,6.57,0.05,0.07,0.1,48.88,66.78,108.79,3.37,3.38,0.4,0.64,1.01,0.9,1.1,1.29,0.261,0.489,0.407,0.69,0.907,0.048,0.842,0.979,0.164,-1.56064774826467,0.423648930193602,4.65784734917092,0.514634275056476
"brown_N_Freire_Base_BRT_Euler","brown","N","Base","Freire","BRT","Euler",0.7,0.884793332672237,1.1,0.62,0.736628992059206,0.89,13,26.7258176807996,48,23.48,29.4598265383407,34.49,0.47,0.569127455779832,0.67,0.5,0.609548392731236,0.71,4.47,5.58340875,6.7,4.85,5.38,6.02,0.31,0.39,0.44,11.74,13.63,17.25,3.37,3.38,0.36,0.52,0.74,1.01,1.22,1.42,0.799,0.106,0.403,0.689,1.155,-0.075,0.695,0.927,0.041,-0.130682382067204,0.112996280935764,3.2362868539639,0.317271236610319
"brown_N_Freire_Base_BRT_Demographic inv","brown","N","Base","Freire","BRT","Demographic inv",0.42,0.594744185662151,0.82,0.38,0.477387591145475,0.59,19,40.2865239991795,75,35.52,43.7460528208354,52.99,0.47,0.56940532964774,0.67,0.49,0.58887784066935,0.68,4.47,5.58340875,6.7,4.62,5.16,5.75,0.19,0.25,0.29,17.76,20.37,26.5,3.37,3.38,0.39,0.56,0.81,0.98,1.18,1.36,0.553,0.256,0.461,0.736,0.945,0.028,0.84,0.981,0.079,-0.532975753214281,0.167262407245221,3.64330330860572,0.338321456841533
